MIME-Version: 1.0
Content-Type: multipart/mixed; boundary="===============5437180656713717759=="
Subject: Quotation for RFQ-2026-0054
From: info@mesinstruments.co.in
To: ajayasok008@gmail.com
Date: Thu, 16 Jul 2026 12:02:48 +0000
Message-ID: <178420336824.18964.9051669836738837333@Ajay>

--===============5437180656713717759==
Content-Type: text/plain; charset="utf-8"
Content-Transfer-Encoding: quoted-printable

Dear Sir/Madam,

Greetings from Metrology Engineering Solutions.

Thank you for giving us the opportunity to submit our quotation. Please find =
the attached quotation for your kind reference.

We hope our proposal meets your requirements. If you need any clarification, =
technical discussion, or customization, please feel free to contact us. We wi=
ll be happy to assist you.

We look forward to your valuable order and the opportunity to serve your orga=
nization.

Thank you for your time and consideration.

--===============5437180656713717759==
Content-Type: application/pdf
Content-Transfer-Encoding: base64
Content-Disposition: attachment; filename="MES_Q0002_26-27_R1.pdf"
MIME-Version: 1.0

JVBERi0xLjQKJZOMi54gUmVwb3J0TGFiIEdlbmVyYXRlZCBQREYgZG9jdW1lbnQgKG9wZW5zb3Vy
Y2UpCjEgMCBvYmoKPDwKL0YxIDIgMCBSIC9GMiAzIDAgUgo+PgplbmRvYmoKMiAwIG9iago8PAov
QmFzZUZvbnQgL0hlbHZldGljYSAvRW5jb2RpbmcgL1dpbkFuc2lFbmNvZGluZyAvTmFtZSAvRjEg
L1N1YnR5cGUgL1R5cGUxIC9UeXBlIC9Gb250Cj4+CmVuZG9iagozIDAgb2JqCjw8Ci9CYXNlRm9u
dCAvSGVsdmV0aWNhLUJvbGQgL0VuY29kaW5nIC9XaW5BbnNpRW5jb2RpbmcgL05hbWUgL0YyIC9T
dWJ0eXBlIC9UeXBlMSAvVHlwZSAvRm9udAo+PgplbmRvYmoKNCAwIG9iago8PAovQml0c1BlckNv
bXBvbmVudCA4IC9Db2xvclNwYWNlIC9EZXZpY2VSR0IgL0ZpbHRlciBbIC9BU0NJSTg1RGVjb2Rl
IC9EQ1REZWNvZGUgXSAvSGVpZ2h0IDYzOSAvTGVuZ3RoIDEwMjgyMCAvU3VidHlwZSAvSW1hZ2Ug
CiAgL1R5cGUgL1hPYmplY3QgL1dpZHRoIDkyNwo+PgpzdHJlYW0KczRJQTAhIl9hbDhPYFtcITw8
KiMhISonInM0W05AISEzMCUhPEUzJiE8RTMmIVdpRSkiOVNdLCFXaU4uIjlTYzIiVTUvOCJVNS84
IzcxWT8jNzFWPiJwYlNCI21xIkgkNDZ0QyRPZENNJGpkN0okTkppXDZOSTVpIVdpRSkiVG5pMSQz
cGI/JDQ3K0kkNDcrSSQ0NytJJDQ3K0kkNDcrSSQ0NytJJDQ3K0kkNDcrSSQ0NytJJDQ3K0kkNDcr
SSQ0NytJJDQ/Z0shImZKPElmbDtGIT9xTEYmSE10RyFXVSg8KnJsOUEiVFxXKSE8RTMkeiEhISEi
IVdyUS8icFlEPyQ0SG1QITQ8QDwhV2BCKiFYJlQvIlUici4hIS5LSyFXckUqJkhyZGowZ1EhVzsu
MFxSRT4xMFpPZUUlKjZGIj9BO1VPdFoxTGJCViNtcUZhKGA9NTwtNzoyai5QcyJAMmBOZlk2VVhA
NDduPzNEO2NIYXQ9Jy9VL0BxOS5fQjR1IW9GKilQSkdCZUNaSzducjVMUFVlRVAqOyxxUUMhdSxS
XEhSUVY1Qy9oV04qODFbJ2Q/T1xASzJmX28wTzZhMmxCRmRhUV5yZiU4Ui1nPlYmT2pRNU9la2lx
QyZvKDJNSHBAbkBYcVoiSjYqcnU/RCE8RTMlITxFMyUhPDwqIiEhISEiIVdyUS8icFlEPyQ0SG1Q
ITQ8Qz0hV2A/KiI5U2MzIlUici4hPFJIRiE8Tj84IjlmcicicWo0ISNAVlRjK3U0XVQnTElxVVos
JF9rMUsqXVdAV0tqJygqa2BxLTFNY2cpJmFoTC1uLVcnMkUqVFUzXlo7KDdScCFAOGxKXGg8YGBD
Kz4lOylTQW5QZGtDMytLPkcnQTFWSEBnZCZLbmJBPU0ySUlbUGEuUSRSJGpEO1VTT2BgVmw2U3Ba
RXBwR1teV2NXXSMpQSdgUSNzPmFpYCZcZUNFLiVmXCwhPGo1Zj1ha05NMHFvKDJNSHBAbkBYcVoj
N0wkai1NMSFZR01IISdeSl5wbkVXbyEyPj8hITI+PyEhMj4/ISEyPj8hITI+PyEhMj4/ISEyPj8h
ITI+PyEhMj4/ISEyPkBLV1RuWEYvVktSYVgqa19pJk9YOThBdC11JyJbbzBvMHRhJz8qKWknLGU9
VW5gWVxoOzAobzo3Y15GQC9gakInWUwnRTgnalU0M0xJLUx0bCIiMStXPD0rLXBTX0hbJD9ocWpY
WD83YyZoNSE4VkJVbFJwVVotamM4cVB0UWIxL0lmOD85XydbWTxWUThKaGZDNFQ9K0JWbTEiT2VM
W2RTJi4uR1FARihEOiM/SHMoYDlnQFM4I011PCxGYDtmOmRraTNGYmJPXjNibVVfOFQsWTI7NU42
MkM5NCEsQkZWdUJ0MDhVYmJPJ2RdSHBca1dgWUtwdF4sSTInNiJxJS4qITRVOlJyckBqLlJcZm8q
NzZlPlRWOGQzP3BYZkVBJ0ZDTjVxWXBRUUBfWGdxcGsvKVFXVkQlSXJyRCEyOHMxaWAqdF8hamE4
NHV1JUFeLkZwbUdzKXJlOiMwbjF1YG1LQG9rcyEmOUUzISEkWnIobVtBWy8sPiZia2RwNF1uJGxI
XjFkNC5vaExGVTVmMEFiQS0hYztIPzlJVzhdanEnQiMxQ3AhISMkbEtKJ2JwLXJXWmpzI3IwWCZA
VFdPL2NkN2ssLGxba0c4aihhVWtGdSVuT2EsNDMjb1BvYWVwbTEtL1BjbjlyWkheO2tIK1tgaTde
ZlByWyhcdHJyQWFAOl0oWT01NzZ1Y3JyPWJdbVFVOj85T0lEQUlrIVkyKzhrZT1iLlxTaSEvLzgx
SitQYmU1UFF0IVREbmx0P11QLWRrXUdDKm43KmFkbk03WGZyPHFuP2krVUk5K2F1KkRKZiEzamRJ
ci5GaUZyKlJyckFbRllENUAkL2IuMGMlQFlXQiRtX1lLIS8tdWI1UC1zTz9oY0A9WDhYRzkvSDVe
REZcaG9FJmNWaEJfXGA9UTVxREBlalJfRjMhMXFDMCQ5XCtgITleWmU8VWc9bCxsVGgoITI2bCly
ckJsb1Bvb29MaEUoWjpVIUhwQiE1WD5ySis1OEhCRGk1J0opRyFJbkk3NCZvRlNhc21RXCdLcnI+
M0tudFlSYXJyQ0FWcjJcZWtwZSYyQ3JyPkVYWmk6I1gpKEQzSVEkRHAiTEhUR1EhIVkyWXJyQyFX
QVxbampXVylzTFUmUCwyMFpGJWxjcT0xclxcP1Q5cjs4NTA4KHNeOyEyInVDWDVULTc4XFE+SSE3
OW8xcnJDdXM4c0I1ZUlpU0lnZC0lTlxpNS8qaXBtQFNYcmU6IzBuMitNTTZPWz8jIkwjPzRPNm9l
b2NiZlpcSUIic3JwZzsxWCo8LSJsVm9PO1ozR1VrUzBUcWsoISF1X2Y1Tm0xPl5bUF9aKzdWJydC
RGk1J0opRyEpaVlaLykhOWJTU2E1I1FkTXVKKCxqW1wkNnJyQVlWcSxiR0puPE5vO3JyQWI9PW9T
SzxOMFBMXy0hcTR1a10+PSluODBhYXIoS1JhcnI+Q15URDA8OHBrQUxYcT9VR0pwTlA+YnJyQVk2
OChxRE8hMXFBQCNsYW5BPFRFITUqSGUiUChzPkdJLGk5MEprXVBJK243KyRsbk0oamtxQTdaXSE1
UjReJixtYCQwRS1RKWdqUylDX3VCXiJlKzk/XExdMllAcTpFS1VuPDg1YnJyQWIxPW9TSzxOMFBM
XyxpOTE1ITllT1VeW1BfYkNdPUFKImRhX2MlMCQ9czFgdTVyMHFcKE5ePm5ZTVpzM1AxY1pHckwo
QjRDK2goLkY6SHFqLDJURDlLIlREVFgiOCxPWGg1UTpfV2I/PWlGXzZmR1ZgNShMNyE7JEZaciFh
SkIhImNhW3JyPj44bVFVND03REpjcDhqOlhAcnI+NDFeJ09gPUtVXnNbcj00LyJyWEl0ZUomNGVJ
IjkrJy1CRSVyOWRhQSdwJypGVSQhNzJHWyE6VmcwcGs/NihxP15NS3BVQWohcnJBW1ZyckJjSHFi
LysnbyJYcURIa0hBWSNyZmQ1cUFjb0hyIzg6K0omNE1BKF1LMWFCRSVyOWRhYGljXmdNWlU/VzZ0
KSIlKiJmTGZvWjkhMixWTysrNSQlY2hkOi9jQiVzT2EnU29KISxoXiptR2kmLXJyPDgvZG0oPVUs
UUBiamtIK1tgaTdfQCFpYT9eaW9JbTNEIS5nLFM7aTpTVFRaLVhJSWVnNnVjYnNwTlolKCo8Rm1v
cThwVl9SWCpWSj1mKWJXbSkhLy1RcTVRKShccFxrVnVVXSlTQiI5Lz9mcU9kTyNKKzNqOEorT01q
ajdFUnU1UCpTXmNBZzNOITcsPm4zckpqUyEvLVFxNVEpKFxwXGtWdVVdKG0lTSNSSkkzYyFYSjJP
OmBNIS9VVD9yckNDW3JyRE9DcnJCdGJgZGM/PXFpQioyM148SC0qPEtwR3Jqay9ncVlwUEtQTiJo
KiVcIS5rJUFmaiEmbDQ+YCE7JjxmaHRUKnFRaSdBTyhdPWEsSilHISlpWTE+TyE5YyJfYTY2KCgp
I001TXFAbjVAaDNcLTwoJj9oZV4kdWQ4TE1fLDQhIV5rS3JPcV83cmVHPzNycjw4Tzs/JFYucVpb
ISI2TWQ+TChrOUlPYElINkRyckJoUHFBKnMjRjhpXXUnQUUvSi8rX0JpSGZAaiIlW3VrYyU6dT0z
SGZAaiIlW3VrYyU6dT02LFBETkVMJVJcIjFCLkA2JzRTYD8wbiVzSzpYSlI7LVlIZmBsciFKMXJx
Y1dwaGRYPl01SV5WPEonZEdecnJEITI4akJmIS0lRjsrWG9BQ1pnLkZUaDVARDdpP1c2dCkiIUBH
LTlNYlRrWVBcRW5VPkJxaiEtcGZ0VGd0V2ZoRz0lOD02RUJXLFRkWjZrXVBKViE6WG5RMV0pW109
OGBXP2tQYnBkVnVIYC9rNWtTXzVXKGRxMSZoNmwsZlA4W0NCIjpMKT5aL09hOFotJjt1WlkuU25y
b0plTmBOLT9fJCRDUEMtKCghMjdfQ3JyQm1KUG9TWCtwbG1jPCEvMGZHcnJCbUJQXmdWc15qal1H
Ol0oWClwazNtcXFAJGErIiRdO2dlYywsaGhhM0FhSiVWRUpmV1dSS0hxV3VfNFNbQjFyckJtSlBz
PjBsaFwvNjxGNFU/a244QlRwbkspV2tvRS8lbCEhPVZKK1hTYD1LLD1MZWNkP1loNVBhVDpwWGw3
Y084YUpSclVxYzVQJkNwMDhMT0wtPyNUYEMjMT9JOG48M11IcnJBYlk+bE9mP11UZG9hSCwrcFYn
aTRgOVlQPGNxVnVIYE9NdU5iV0JCXXF1VEFOSEFscXVyRHBYQi09KCY+LTchIXRtLyYsSUA/cnJE
czlnc1xMSC1NWD5QcjZMclc1UEd0V1REVjNMI1E0WVByckJqVHJyPFVbKF1PSiRNdU5iV0JCYEto
VEFOSEFscXVyPmoqSDQ0NkdHRUNpQCJEb3JyPkZDXl0rOmRIXl48IyZxPmJRb0spO2ZwYm46cnBs
QEJGcT5tU3EhLmZxJzY0P3JvIy1bcSpUOzRwJEdhWCUpN2U/V1s0ZFleU3E2TiM6Xis4cElrLjFL
bEs1N0tKclhzLi0rN3FhQUtEdG9VW29HWl8rKWxgJTA8K3NPSlhWKSwqUTdzWGN0LEg+ImVWVzxM
XSRmZU9KVSV1ITFwN2UkTi82TSEvLi0sXlxuXSIrVERHWFtGSSk0JnMlclhvS1JTVXJyPDhUPC5E
aTdfPmFNXl44THI3NVBUazVZUEpbKnJyQFNhbzA1bzJjaF9Pb09KQyYiITJmKVgkTi8zTCEvLiEo
ZkRRNjorVERHWFhqb2A7ISF1MDdjaF0lUitvX1BZamozciwqTWBUWXAoLi5Wb2ZxcSY+ND8vPXJy
RDE6VERlaTplIituZCE3K1tDS2BSc3BxVVBMdElVckhZX0g2OEtyZV81QjVPYFQ0cnJDKVJKKU1w
UVhvQUFpIjJsO1YybksiaGowWDxTSV9sJGFkKFpGVyMpRTNZJjZCVkghKCIhbCE6VTJBUyNzbVQ0
UVlWW1NgW3E7JU0uVCxRYTZEJGlrWVFvPy9xSnRJNVJMdHJdPTBRVDhwWixyJWZaVm10ciVDSigj
az4jcG9UT2RDJCkwKnFJV21xb2cnR1dTazNuRHInRyZeUVYxUFpRNWZZOGJyY2ZLTzI5PTErVjo0
I0NqUVVeLF5GOThFMC5qZWlNP3ExJmQ6V1FSRGIrKl50RkpfQ3RbNDgmO3FcUW8odWFIK2s/NlA3
YEZwR0pQcExycj85UHJxalpfYzo/bEwjQTk9OFQ9NEg5NCY4WW1pVlpLNmMyOUJXZ25MIjUuVUxQ
cUhAI1NrXz5GaDxCVypNI0QwNiteaW5pWlRBIT8pNT1ILSs9bFgtR1c7M0ZYOFVZc2pHRyUhZlI7
XDJlcCdFRCEhJ0VEISEnRUQhISdFRCEhJ0VEISEnRUQhISdFRCEhJ0VEISEnRUQhISdFRCEhJ0VE
ISEnRUQhISdFRCEhJ0VEISEnRUQhISdFRCEhJ0VEISEnRUhPZztbTyFgME8rIXNxOVhDS1BrTytO
RVc2I2pMNDghTiVLMiQxJkg7YUk5NnVfODRzZWI/UDIhbFgpVSFiU0VKKmtzJWhWPV82ZUdIdS1Q
SnVWN0ciSl5qXVBWbVQmcyJYciNKIjk7UG86KGxoWClrbT9kXXRIamZuMnIlQWZSYCU9WEwpUlxd
c1EoVmpYJUU2SE1Eb19kXk4tQ0JRLylzRWArMTkuTF5NLWchPG4yUmIrOC43XElBV0VAcnI9LDhx
WXBRPT1ZJyoxaWNpQUZMZ00wTyxBTFIjNHQ/PnVvaEIoIlFbUkUuSzpyNUVTbCghYC4mLV9BU2xP
OzwrOEc7UW46S3VJXltsPmJcVVc0N0oqZ0A9cTU7MS9kbGNYJixIJGwuRlFwITZldE4mY19FSio2
ciVGPmFgNzRiSjJtNmZsJitlVkxAKVhyNk8kN1ZjIy1lRjJZY18xcm5NUSlbb1w0ZUQ3KG5XP2Rj
TVcsKS5LXl1FRjZnaVxRPklYQU0pPHJlXGJUX1JkZlRgSCtlT1NhRThzMyE5XyUqXzpMUTwjUiJQ
ZVFWc1lZTVFKQCFcMj41I2RVPzAiZVpYOkVlWFI8VVJbK0hWY0tgc0RFbiRwWVdNTCo2R0x0JVJA
TlEucj8kdCUmMi4/cD1nSy1EODs1KVhvSz5lYXJqM0ZcLWBPXzAyITEoJFQjQztRPXFVTCZYJ2hn
MWhgaSZfXGc2X2EyV004b3BaQEN1N1hJPjphVChGUi5KLC9rTm9oN05XMj8qWzgvXyNSUltmJ3Na
NHRZPzhrR1lIZjQ0VC1LZXBoI0dKJ1okJFZAc0ttZ10lOCxbcCZlM1N1WWBnITVfc0JKJ1YscmFz
ZCxbMV1EaEByREpEXDlFI1JLQkUhNFoxXUEkMzgsZGphW0AnSCo/SC5LQF9hVDZQZlswV3VLWXEk
byExcUMwOz8kViZbXlo4OjRiW0JgP1duZGFINWFRJUBtQi84VnB0NTkhNkF0TmosSitFbGAuTWNj
XE9bPklbLTx1KlAoNltRKiEvZDBFLUQ9ZSVvSUJrTGxqNyEiJWVxcnI+MWs1UTI9ZUhpQUtvISh0
NTAucG9KaTVOaCFEJT5CPCZtKFkzNjRAQGoib1ZfXWhfTCg4UXE+QzFBLT43LVRmQmA0SHE9bTFU
QDM+RVoyU1wzOGZEYmo2cFtrRWEhOSQvb3JyRDZSb1c0VzY0SEVbcHFiJWgsISdeb24jNzpEMTUw
XjsrOlxGX2ZxPkMxP1A1K2RpLFwxNTFRJyUzcDcrZ042SXFgQ1drTVhuciQlTHAmaHNkOShyckRa
ZnFHVFc7QDxkUyxJbi9VJydjZ3RvLzgrblkxZnRfPj4lWHU5Ly5XQzhJYkg2I2lGNyYkcmRQMTc9
WmglMUVsOEs3ZSwpb1lycj43bTUsRW1dbydGcW9pXHVfKz80WTJIcnI8RUNgOEMxXV5RaT4/SElS
JzohNDs+PnE9bltzKiQ+K1UyaWttcSc0V0JZSVQ5UWlNI0pfIyEyJSkwZUouKGVYXUFxanJyQVtH
UGpmTVNxPVxcKiE1Y2VIMER0Z1FqW101IkloTWJdY2coTDBLMTBJWyorL1hBMj5XJTxyZEM5QXIo
UVcuNiRaOlZfVFZJZnI7S19MNzdIO0ttbzA1NWBkYz1PZW1GJDxuQm8jTiEiMWEpaHQtXC8uWzBp
ST9dImRfa09qPFNrQWlgYyElS2BlcnI9T3RxYiVoLCEnXl9lUnRDWT9UNFwjWSc3PFsyb01QVmck
VCNhRG9EQ2cma04zb1pWR1s7ZU47aW1NSzM8KCJyZEM5bm4/VnNwayd0RzBhM29mbi0/dGxNXUg8
RFtaci1kdU47aW1NTDVSWSJKJ1lINnJZQWshNU5oTS1VXSkkOU1hLUNub1cwTyZURCJSLHJkR2Rj
ISwoNilrTClDOW5MTVFYITskJU8uXihlTGNQKEs3Ky1nPHJISVpLP0UsKnJjKSNqVHRpTUFaRyJv
ZVFkYytqJFdoQ1NbLFQ+PUVUX1YiQnNyPCxYaG8zQ0EyOiwsR1hvVzxTV011TmRMTDsyRTBIaUYp
NDducyFgJFohX1JvRmA4P2J0JWQ2JFg6VEJvQ2FdJl8iPUIoZFwjLXJKJ01gNV1ZRkdvU04kSHUq
dTRlVWNlLDJyITklVmRaaTVFLUYwcU5CcVU1NjYwRS1EMEFYRy5IcDVZNDUoOlQyZGtPO0dsSHMs
dVhDVmZnSSJNOG90NXJdaig+LSlsdHJkR1dnXVkiL2tTSXRZMWolZkg8cjJNIjNIY0I0Tm9OKzFR
cSZdNC9gbz1icmlNQVo/L2NQZ0M3bjxSWiRaIV9yb0ZyQzQrN1FfTz5RNFtoNjI9Uzo3OjRZZD9o
PGQ9cV8nUSQhMiFtbklPdDkoRmhKTSVwb1dRJXE+MW5aPFFHRURWUWo3LHE9bmAkL0JiZmtnIVA7
ZGdAOUNiclgqPDkvWTxqWiE3MG0sbF40WDZtOTImMEosL2tRWkhUcltJQFhMOF87YiM/Mj1LZC1g
VVJeQE83XzBUalNVTmhXOTxQTy81OVZdbSFRR0VJQF4+N05PNnI/VXUjQEEvPlBycWRfKm9QcDhw
SWNgQWNMbV5MdChUakU4blUwQz47JkVoP21XRydzRGc1UTk5bCd1K0NuVXA4RDtKJGpBMjVDSzxh
OiZESDhsXU0ySVE8IVxaITVQNGZeQ0dhLCVoJEc7SWZlb1htWVY0QkAzTlYvU0EhcERGdUIobEZV
SzNiY2NyXGNRZjQiRyVqJDJHU2lhRk9jW14uSipTYSRWZiE+O1VYMT0vZkd0REFHRSJAZ2ROc28n
ZUw7cHVCTE9dK0lwXmJEKWdWVEpxTTxJX0lKbVFiPVtJVHNicnJDOkFPa086XjcqK2lBKyJKXWBO
cU1PYVpWVHM1aTZVK21pUGlRbV1JUENiQUdzZklAayVCPFhTY1pnKmp0NzVTRTA7ZF5UWyxkbG4y
ZSRWaHI9O1N0LExlbmRbU2BNcCFpPzBSL0omUHB0cUcqUl1mblkxIUxmOysxSSE7KzFJITsrMUkh
OysxSSE7KzFJITsrMUkhOysxSSE7KzFJITsrMUkhOysxSSE7KzFJITsrMUkhOysxSSE7KzFJITsr
MUkhOysxSSEmV3FyITRIKilBNU5DJy5waUdEZEtDcUdOR2VbKzlkbkErP1Y3T0NPT1JTQyosYTJU
XS1nZF0rOzBdX0hgVmxKZk8sVnBDUlJqUkNUPy1OaVQ5JWYyPU5DRUQ1US5XN0laWFIwXzgrczhl
PUhwPzJrYl1GKlpNaCxZPDZCQXA6WS5aN2xrTHEmIWQucEQnXnE6IThlIXEsQ2VnV0lSVjwxXWlx
cUxXUkxfTHA7YlJRSnVJVjVdIkNJZ1Z1K1cvXTtQVzxeXEFic2pCVCRcYWMiS0ZvMV9DL14zbkYr
ZzgnQTdJWE9jZFw+O2FhXidLKyhmKT8/Sz88bD51YGYibXNxR2k8S3JBQkpIXyFtXEhGP15UKlld
dGY8cFE9NjdoIz9qbkBRZU1iUmRSbG5JITQrKiY4TkA6UUsoTkhyckErbCFTZFVCYEYjNSxWWmsr
I1UlUSZHbl5tYjhJIilkdWRgNTheYzVaUE5SSishQSUuUkJYQChnPitfT2AuJXIqUS9QcGstSzlk
OVBDMU41STFuWzw9NCJJbHVfaGY+SDU2PE9ZMTtXZ1wrJmpMJkh0Xzs7N1poUlFCQlJmdW9IXWdp
SmdATGkoVkYmYUs8XWldcCM9K2UxZ0s9dThwZU9fMGBVbkdYVTgzPjNwOjdtTVhBaD9NUi1nYXEi
MUdHUFwubWxXYU5kZk0pJ3FjMDcqcV5PRjVBSDRjMWFBdEwzVnVaWiMoZik5Y2MyQUEnSEk0Kmt1
SSNmN3A2ZkdyckQvXzhPbyFBZzYvZkUzZl4jN2xTJlsrSWFvYDc1QUpRbFk8PkJWLWdhZF82LXIr
ZEM1dXRCOGMpQE5UakZMcCcjWSdTa051RmsmXyhxTDdtV2doJ04lKyIjR2pwZzwtPW5dKzdlInQ7
PyRWSkJWNVkjNFhyXGxDUG46TVhVUFIhbTgxcFlWT3Q3X2kxKzFVZUJSNjtXcUJoclQ9JU9xP0Fe
LzUlMEU/QG9WLytSIWUvWytJYXFuVmVSIV5UVHJmTSIuJisoIk8zJSdpVW88SkQ2LXIrZEM4WDoy
WXMydWBabzRmSk1ZLnVsVzk8UFIjL2tYKHJNaUpuMXQ5c2MxYUFYIzdvRTwtcDkoNnNUZEg4MGNf
ZW5fS0RXNTtsZWYuInI3KmgpPEk7R3M3PEZRZSlOWEQhPVQrMi5DJk0tLEFiYU1faWQjR2ZJaDFn
L2tsKV4wLE9gXFEhJ1BULCExJmMhbGg2bUpmXW9uIWw0dTAjX2BWL19PdSYzQU1ZbjlSQ2g0R3Iy
PlclLCEhSl9nVFZfRmNuLVdOWGdBVWM4V3FcSlxBdEVnaGFTJ1BzWlFJPEtyckJLLXJALVpbJzMo
bDFHcUw5O1QsZy9ISV0pY1pkS2JFJ2NPRVsrRTdGODdJZFhFPWZgKHFJXEdGWDIuJ01sJnErKXAu
TT8jJyFNPyMnIU0/IychTT8jJyFNPyMnIU0/IychTT8jJyFNPyMnIU0/IychTT8jJyFNPyMnIU0/
IychTT8jJyFNPyMnIU0/IychTT8jKEJLaTVzcVY1QEs7PktENChycj1ORUBBUy1yJE5DK0JBYz09
Km5TQGpzblFpOSheMUVwalU6JkIjNEs2KllTNmckSHElY2RXanA2SGIvby5LY1ZgW1UyTVNFazRM
cVkuJyctKkAxM24+OT1JQktFTEBvISUoPFZUWWVTbmoyWmhKJCNhcmlHVDE7K2lAc0hrJGMybydW
Yy1dVS1fNldAN2NIUUYnXW9wVkJAXm1vQ251cWM4R2FEPUI0PVZSPm83PzVGSEFqJTZhQGUxPGFJ
bCldQyxkXz0sdURpOSEpajhCO3EnRFEmMS8iOWIqcWpCbSVIcFw/aChWbkBXSU5uUEtYNi81dGBm
a0kmcihKWStwOGljOWRfQFR1TlgpPkxkLylUNDknY0tXLVUmPyhcNjNFOmxTcW9BY2NsOTQrZCVD
VDYhNCp1blY7bnRCcWVpLE8yRyYoPlsjcWxgQC5qR3JjUEQ2XilGYmxXaVhWQ2ghKkBkckxIOW84
SSdSRiNDPFdbSEsxckZlTFgjQ1VvPDVwQi1zRlc7a0JzNzhJWCxpOFFoRkQ8MFxGRGw6VDpgJDJb
XEVAXF1eUDBJKkA2cFNmUjYkTT5FQVc5PFBPKUExSkEsdEQsV1hpVFxtOzpMZlpGZVI8biQyW1xF
LGtQLydhUVRAVSElPVRlZTVVSyNINWIvVy5RV2BNJTEpNVpxYycuYHJwXWpOM1Z1VlU6WGVqMjsr
NVJJIkVbTCpDNiNZWC0oRmovaURsZkM7SC5gMlRYOmRqOzpVYSdBUUBxTyRCQ3BWSWF0KSdlOSom
WTglZi1yYVN1OCVYVjpFLS5RUkImImFWVDVvVmgoQ1RJP09sY2o4aCU8VGlhTS5SLDA3XGRQRkA6
OEZmMCpkQWxzNi4yPUBVUzw0ZipHPklOZVcxczNVW2dTMzFhQWBqbmljOCFjajhqLVsxbFlyS21F
UHFIRlo3VFdvJjpgVSIpXE49LmNtJlQ9JTBtO3IjcmQ/RTtFK1hBQFFGVD0mQEEzYl0+bzNWdWRA
Kjt1cT9DaFFuRVVvPFRYVF1idSE2WnBoa1A1Yk42N0pvUlIhLyokIVtZKUlSZ2pcOyVSVSsxOXJO
cUxXT29DSzNxODovM2A6NlhPXSlNY2AoV0BLY01nai8/JiwiOnNfTCxSIShdRjtyYjVWSXFbSi48
TU4tSHMiXzpOJmNuZlFxP051ZD8wYyskN19LbiZeXkRzbC10XFFybUdgLGNRYDw+PWB0bVM8IUch
Jm41Qy4mKVQsJ04lOiEnTiU6ISdOJTohJ04lOiEnTiU6ISdOJTohJ04lOiEnTiU6ISdOJTohJ04l
OiEnTiU6ISdOJTohJ04lOiEnTiU6ISdOJTohJ2NsMzBISFo8Zz5oZidSUG9cY1tIOyI4PD5oZidQ
SFBJV1orM1pzaD9obDlbMV1JSFtfYzZYOWR0RywlOkIoO29wZjY0MV5bYlJAQkUlc0FMOGsxUVZb
NysoU2M1XFpZTkQ/RnFua1lNSSMlXGlbIWBiTz1uNGA+VTg0bE9IbWtfSCVXWS9pVTQ+Pi9KajEz
JTZoIzw8Nk1lY09WYk9aXWUxPGlJWVBnPj5yZ0hwQXJZImE9TTt0LTIlaGoxc3AsZTE6UiFjdTI0
X3NaUyVlXFkqKFxsaEdUN2FgPFQ0MzhzVkhmYmdRcmptcEJSZmdFSVZtKjslN2BGUG90MltCcnJE
XHRpT0dlPl5VNCJAZzJPK2VUOixFZiZxcTFBOWtxWTdqO18yMkpVRDdsbWlRM1NHYSQlNlhCLTFj
WSdVJm1xSV8rJkQ+UExVYXU0UzVTM0leOi0+RUBNSHFDMSFaQilXdCEpNFFiZkF0XjteajRmUUI+
PCxlPig2NURdUlMjN1Q/Z2JCVEFdSz8jPE1ZKXAuTUg3TyNIYy9xXzxJcHBvT3NOTDZuX19LcStQ
MSEpOnQtVS5Mc0hKYzttI2Y9MU8hclglV0RRc2t1ZTdIOW03TF03QD9aLlVDQjgsNlcuTjNdYUBk
Ykk/LiY2L2ZRSClZYVIkNWE4Ij04I0UhSTM4NGwtKUE4YTpbOGBXY1lyXmFyYnAmbzldQWFjWlpL
ci8zZG1AalNmQFwwJGojakFeOXQqQyE4cGgrciwubCMoX2JqLSE8ISwwY2huLTJyckEmMVw9QDNA
bFVOI1JYYVAtYzY5YnFaITlkXWFtUTskUWJERiF0Ll07LUpHUGotQl8+YU4zJTtWVTInZCpHVSls
M0s2TCcuMzxycj5DalxjMllcOz8kWGRdKFtnP15LTlZqckZsMzJMZSRGPXI8b1YnX1onVUBcPTxK
TFdkWCZjSiY7RzstaVgxP0szXEVWXm83ODVwdFwxNihiPVEocjxEcjByIVNTYyEwLFU+ayEqJCor
MD9YVCNsSFteITI0TmlyckIyITlFK3VYMipVV01KKVEmRSdFOCdaQHBLJDZebzc4NXB0WyVdXyo4
ND9rVktAQCE4cGgrciwwM1sxJkI6YnJGbDMyTGUkRkVyPG9UW3FWQiopb0ZrMGxCODFvUiFXNCxA
ITI1JE1yckJqRXJyRGlNMERtTE9fPmFOMyU7VUlnJ2QqR1UpbT04QWdcJT4mRHE6IUVLUk9uamQo
NWspKzcjNyxKJ18xa11eWUNiP3IpRlQhOyUyXHJyRE88NVEzVDlyckBoKEhsMmtgVFsoJUghLmUj
SSE6ZFlwNGJNNl1ZXjIyWXJaT2RlXltzLlZwQyRxP2ljIlojV1Y7dHRycjxRKHBjTmokaD0xYUwi
TkNCQGBwLGVgR0dpOUxxQDw6UXJyPCsxcnJEKSVuIUhtaGNBWC1baz0+RzpUKz9HOD51MGw9ckgk
dTVxQCdAdFpiWlNAaVNIZChyckQ3R2lYYnFvTXVOZDplLEtGLGhaIVFacnJENztZNVxMW0NrKUEj
XiNvXmhxOWFsaHI5NC5cTGYqLiJyPG9WJ18+XyI4P2k6MS5xcTluV25GJlNvNVAsYF0jUT1sc3Jy
QygmcnJAaCFIbDJrYFRcIyFMbjJgZjUyZFo8NXBBRi1rSFteJ2RgJGstTHJlOiJEaTtXZF5wb2pb
TC5YZ1tRMERLYThfMm5GJ2xpLXRbKj9ZOl0pbCpCUWhzYi5USz1fJ19yV1BnbCE2ND9eRyxNL1Un
QDlWViEiYydHbittakxxaSlDMW5RUHFtUiopJUo0OzddN2g9K3FSSzc0c0MhNVNDMCE7UEB0ciZf
T0tRaS4qXHJyRHMsTzhmMz5mPWwmczV0OGZiJ1MiJU1uRnVwOW9gIWVLISpxUmJyZHVcS20tbFwn
R0Jea2ZxQCUvc3BgMUlWISNxXjQqUlhAUHJlITkrcldic24hNjQ/XkZzaXJYQFg4QUdpWU08OXJy
PkNeSXJLbj9dTit0MzYnWFktSS9FcEQlY21DMHJyPkBgSixdS05VXTE+U0ZQbGs6cnJCazchO1su
TEtEdG9SVV0xPlNGbkAkMXJyPUMqTT5nNGBycjxWPl9zZEY8ZSwrcSJdNV8zViMxV1Anb0FCSS1L
QV9PYCRtJFBrITVSZ3UhO1BAdHImXVBoRHVDKF9yckUkJ2E4Wi5abGZfVzJyXzQ9RnIwZmswKEFO
PVghKC1PM0UuPiVHPThyN2RbNkY7M21KZC5yZl8/V2khKC10KnJyQFZ0cnJEVCM/aGVnJV5wIVNP
NEAvdUlKXk9KdG5bZVE9QC9mV1w3YCMmXGVyVFRbXilxak9eN1gxNnAkN04ja1ZmP3FjXm1BW2dP
Qjo+a1s8b2NyV2JzbiE2NDpncGlgUk5ZUEspYDhjSmRBZEpqNDpdKSInZnJwVC9CXz5XOUJPOCtG
QysrTVlPVEExT1NmLCJBZGN0dVJsVDAuVkBbIWkyWSE3OFJBNVB1IlByckEmK3JyPFBWcF9XcjE2
Ty9HSSE6VyQ2clxuMVBBKFhdPmZNVllLJkBbMilrWy4tUiYsIzdJNU5rIydoVHFfLGlScEV0Sio5
JlQ6XShdYHJyQSYtcnJEJDM/TlU2LWtbPCRCITpWbTJyXG4xUElkVzlRZSxLRSg+Sk9WPDA7bk9a
cmszPCxyPENkS2clMi0+NCVKNDFyPE4jcSE7bT1mcnJBJitycjxQTnBgJzU1NjE1RzlpLGpKSERT
RCYtaCZqOChyWlExXEonYnAlZ2N0SyNOJ0hNYVZyI2FpNU4xODAhV04vYEBJWWBFJG1ZY1BqKWZk
Z1leUV8pZCkiXityIW5lZiEwLFVZKGBuOWYlbWBfYDZPajR1ITI0ZypcOjxpNSkjalRfRCw3ajsy
aC9gS3JXSV90Y2YuMWUoZT1UK2BwJiEzZktURiVrWzxwJnJXYnNuITY0P2gka0dXbiNHQGprK2Jw
KnUhNzhIUGdgUGtOKSNqVF9ELDdqOzJiajtQIk1qZEVmRFpCbiZjVmpoSSIyJzNSSyE2c10oY207
ISguOVFyckRPUDVRM1RLOG1sclAwS2ZSXW5JLkFmcmU6IkRpKjpdTTVQLG1ubXE5a1puRVdsJDVQ
LWMsVERubHEmY1ZrJFxuQ3ElX3IrPmglLE4/MiE1WD48ciwwNj5fTCRgUkA2TUBkNU4zTiErOGxU
M3JQZWQ6WVBfbzEhKCIiVnAzYWRYISJRKyonRTgmIkI4UVdnbjMwKTkyYlgvTiVeI0xAaG8qNVVy
ckJqdXJyRGlNSTY3SC8hdS03I2A/NFVZR1JzZS1vYCFoTCE1cTRhP2h0ODNwUmE1QCE1a2tPIitT
XERpYyJgMzgsaVMvbCRxW0NeQXJjSUErOkI3JG1ZY1BqKXQiNmA7XS1DJ0RvUEA/aTM4NCI5L0Bw
STZZNStmRFtOKSEyLyY8SFRsMEQhL0ZhKiI5L0BvcFA/VFI1IVQkKjsxSEthXiZgYDFKJkw3Pipo
V0BKXjc8dW5oWWVrRDREbSEqYCVnMUdxQTdXWEtEbSYyKVpLZmFGXk1mVmhvPEcjOGFkIW02UjpM
bHBuYEhTSjdeY2A0I2w6c3FzI2dfZj9PPHEpTGw5Pk5JTSI9UVZkMypMWFBXYExdMWNaQ2teOyVH
bGRwRj0ncXRiVXVYPDlrSC5lN0ZSKE1KZnJYaVM9SmdlbGFXbSo5UTFKPzNgKk5gPUFvQzk+O1Ay
TSlJcmZRKyNAbSRTJWlLVzAuQksqallMWS9xOk9nLldtWD9sRkFSTz5vJypkUlZmQEUwcUxbODtY
bkQ0dVZdQztebCQpNFpMWl9rVChqMzMjIT1UJmVUKCVSXy8ocEUiPC5ILTY3S0NfWkJFTkBMWkNV
c0NWX0wsQE1FSFk3aElNKUZaV1YwbkxOZGZNZklhcWM9Qzc0YVpNWSRQQW8wWlArbTg7SilhJTlV
NFd0WTMsb0NmPmVCMGZqUWVLJWJhWzknSmk8b3RjZ0opZipFVi0zYmYtTj0oKU10aGAjIStYJDJy
ckFsbTxHcmBTITY7MGAtZ14kciElL1pScXU0WCwsUUBhOmlpZldHSityayJySHF0QDRNOlJqNm9f
c1hvaShFR0hzbHNTOm5SLmRqXERcaHJoVmo4KzNMLV1oX0ZuJ3JhV1hZTUM+Sjk7KzIwITsrMjAh
OysyMCE7KzIwITsrMjAhOysyMCE7KzIwITsrMjAhOysyMCE7KzIwITsrMjAhOysyMCE7KzIwITsr
MjAhOysyMCE8LU5pXmtxRSFWRHJqa3JHQ1QvSTBFI3MxaltuZjw0dUBhRD9QcWVuXiw+XTNUIlsp
NUorVUhZVmwsJGJZTWlSXjFrM1ZgblgnMzddJExBQmI/Oi1cbEFzQi5SclAoaDBAXiIlPypZUkoo
IXVTW09gbFUpbW8hNEFtTGRzNTsqWTpWakVvOVA6aENGZipVNVxLSkNzXWdyWCFUJlk4Mkxjck1x
Ym5MOlN0WEQnIjBmbz5JbitJKXU8MyshOjdLckRaO2RcbFw8altDZDomLzVYK28rckVdTSpOU2JD
clhKMl9YZSJxIUl1KXJGUi9ybyo4QCNMUnFBQ1FFOE8paFFsaCs/JyUjNihBM2BrV3AjRWlLY2xp
YVQjaUcrWVByckJOTTgsOmQvTzNXM2hpWTpsdDhvdTNlXjFnPFZgQG0+cmwsPT82P19GJEJLYlJC
TCJWYWchInBedEEqZ0JNZSJwXnRBKmdCTWUiVmFnISJWYWchIlZhZyEiVmFnISJWYWchIlZhZyEi
VmFnISJWYWchIlZhZyEiVmFnISJWYWchIlZhZyEiVmFnISJWYWchIlZhZyEiVmFnISJWYWchIlZh
ZyEiVmFnISJWYWchIlZhZyEiVmFnISJXXzlOTmhLcj0+MHVvZEYlYSRqRml1MjFbQ0xrSlw7IWtC
a10uNCpZSzxEdHJyPEEmcGBdMDc+NTM1JVFAZDlKM2RbSSg+S1FjYGE3VDlbcCI+KWxhMVpxS3Jy
Qmw4b0kraD1OYG4pbEBVSXUha1NraUohNEhuTXJyQkhCbjhCQ2hDLGlwREwxJWNRNkBYWzdnQUQ8
JmxlcVE8PTpiNE88WStZUl5RbS0yVnNSOz5oUG9dKjpkPGVvcitMUmtkTlkrdU5kZk0/clI0Uz1n
OWBvP2xyVGdlN29FLjpVVFQ1OV1gImtEPmJBRSpYbSV1RFdeWzVRXlo2O3VBK2p1IkomPWEnNVE6
X2drPUdVUWRlS2lXTlBGTm1QcGJxZzJqTzguSHA+c1UlbHVyU1FjMzxFX11TP3M1Tzc+LGNTJUte
ITBJYUVyazI7L081Q2Q9ZT5OMj1xLD04c0ojSDA7I1ArY29wWitMQEohZVEkVTVDRlInTiU6ISdO
JTohJ04lOiEnTiU6ISdOJTohJ04lOiEnTiU6ISdOJTohJ04lOiEnTiU6ISdOJTohJ04lOiEnTiU6
ISdOJTohJ04lOiEnY2wzMEg7Ijg8PmhmJ1JQb1xjW0g7Ijg8PmhmJ1BIUEknTiszW08jTzgxQCsx
XUlIW19jWnA9ZHRHK3I6Qig7b3BmPDBpUXVoZWVgZGRcQGxUYjVRL1NGPipsRyFdKkQ4cSg8Wmks
J2dKKWphJmQ9K086NDRLTjk4UjA8RydkWkBKOl1YISE6aEU5c0onMD0lVW5BN0heXEJgZzpqITsr
bkc1PjJyckJNY3FMNkJARidrOlZuOD5tYGVOUE0rOkptcDttRUwqUFttQllpaClJWHU4YThoQVMp
YCx1U1FwWkc1UDNfOTsrMjVtI05SJHMnTW8jam5QQS4nS2cjcm4xW3UhcFQsTEVMM1tdWFIvJDMj
WVJNXF9dN3IpclJRPFpyO3BNbFlzRnRgVk5lLEJZLi83KjtqV1QpLU9mU2I3WSglczxKOltrXG5x
ITdmNHInXjwvaVFMUCY0XCpMVSQuVWs6NDFnV0JUcEZ1cD1DW0svazhCQCJyJk0rYCEvIVgnRCZA
K2YkMyghPyssNS9tZGdRMFVyXFpxX0lTJ1A+IzxyLmZfJ2BZNTJvSyY/OGJES3VlT1RXPiZPXyxi
LU49KTBJZHNvSCY5aC5EKjhnNyE1T0c0KXFPY0pzaUlDaC9odTxdSFdeI0pTP2VcNlFOaGJSInJX
LUMrITpkJmhxdEwoNk0jUkksOWBHKz5xcjlALStSWjYvITpeYT5yIjxCOU1DND9JbjpcQ1EhIi9a
KCE8MyVUNiU8YDlxRHNba2h0UkcrcnJDJzxCKV9qYDVYMCo9cS1qLyFyJUonTV5hb0ViclxacV9J
WGY6NSs3TWo/cUIoKiNyckBddWVPVFc+JlApaiRfJ10wXmtdbFhUclhhOVJuLl03IUJGIXEhM3Jb
WU8lMCQ7NTBFMiVJZU9mY0AmOydvOD9oQUlfJSk7OT1yckUnIU5ES2w7VENFVWNyIjxySUxbUTEz
aTxPTCdyckJ1NjVPXzdqcUMlcGlyckJuS2xGbUIjIS9ObD4hLFM7KDNyXTI3SitzN3VyckMnPFRD
RTE/bT9SXE83b0FkIXJyPCZmcnJEaUUhLkZmKXIjR24+ISFKZ05JLDcqWE11PmFFRl0mLz1gKS5X
RzhcYipEXVBbWktLSDhUaiZOQlYrJGk9TXFyX0M1ZVREZWxLcnJEU2g1TjM0UiE4QW4jTmthUEZy
VzFwViE6ZCZocXJAWiJOcksqMjluMU9naik9aTxtXHAtY0xuXUNXUCgzKmdwckVDNyNXbyddJVdE
K3VyckRjQHJyQT8sWz0/KFlxdWFfNiE5NyVObkhdWm1VWkxQOClTYjZcclctQyshOmQmaHF0TCg2
TSNSSSw5N1A9Y2onVl4tL3VfKHAuLFhlRlwsP2lvMlpFY28nJ2Q0cnJyRCRpNU1LRUFOZ28hV3JX
REYtcitfU3QrU2t1Q0oqPzVfKTFVUVpyckUnISlQQFZVcnJEJSxPOCghWHI9QGFDcnJCbkdsQXRe
dCxROCEucnI+RlxOUEZ0OF0hJFxEcnJAWzo1QVwrMUR1M1c2MV1JSGovLG9WSzIrb1YjKT9LX0gr
OE5NOkw0QXQlSixdTWdWdXVMPHBrZzxxI3Joa2E2aGNTVG46UzxJclpbMHUhLm1yRiE3Ol0pRHU6
YUdYNUpMJktDQU5VcnJBaCVwaEJhLko2MmFOcitfWiIhImFYL2ZnIytQKnQ1cFIlZlpQLyEwJ2Vb
aGswRVFEdTo1YHJlR3RCcnJEIV9GW1NJYEZAWjZBREpsJSpuW0lROjk8LmIvclpNNEByTlNUTmxp
JWUlIThubXQhPDMkO1ZvL043IyhaXio9TicrKUxWbiZKOjs/Zi9qJj8nUmNocDM4cnI8MWpyckFi
ZWBhQUwtPnVDViUmTz8/cl8nX0oyVTNPYFkhIWw1dHBhVFlHMV5FYGc1UCcmaiVSOUdlSUsnO2VX
O2NqUjVfIVM8MC1CXTdUKzQqVD5DSE1PYGknIi4mLDsjLHJXdE9gISg2TD9eW1FsZVY+Z09PVTQ7
KmFKK1B1I2E4WixGNDAmJnByWk06P1olKSEpSU1tWG4oJm46NiEjaF0nclhBZixyTlE7JWtqLzNj
cnJDc2xyckUnISlQQFZTcnJEJSxPOCghWHI9QGFDcnJCbkdsQmhKb05XMCExOW4xT1lqKyR0TG1d
NThqXlltSDwhOEExZD5RMzExJSk7OUFyckUnIU5Eb2lXaVhkM2QpdWJsSGlLc05PRHVUaDRlR3Qk
aHJyPFdycnJCa181Tm5oZGE4WixGOTwoZV9NQDlDaTBFMiNAJz8yLWg2PSMocEhrNjVXJjpUKVxK
K1JwQSVLP0Z0PkNaWVFgaTs4dUtFTHFlcnJBaCVwZ3NJKko2MmFOciteYUdyVmxrUlRSWW1gVENi
dUNBLGNPXi0uTzlVbjhvMz0mbztON0opYDNbK1lLaFJPOCtBLSE7PUEyITJIYW1EdVRmZkdRLltA
QzdrTSsmOmpjM2h0MilBJVI5R2dKLF1NZ1Z1dUshcGtnPHEjcmhrYTZoY1NUbjpTPEtyckBrTDVO
JV9pb0tOJm5ycjw8ZFdxW1dCcGJWcE1wO0h0MlE2M01ZX186b2leXSs7bzw7dXNuS0VMcWVvJ3Vf
WyU7Rz1YcnI8NTNyckR0M0ozTlcqIS9SQSFpMCdgKTsxKW1SIS8pWksxXUFTWHJyQFhGSidkWkVK
LENHV1g1SXBrS0JyNlNvNyxpZXJZYl85aSJjN2xycjx0NHJaTSg5WiUpISleKTtGWVtmNkAtITAn
ZVtobSErXF85akBvOFwpRVdyckMnWmxla0Y5NU40KEVwYSJKaSYmJ3QlITVdQjZeJ11ldCUvVHEr
TFxnSm5lKUEuPkJ0KypCcitgJi0hL05taUNbXypdNURMP1UwIy5EZGomPydSVnUvc2VycjwxbHJy
QWJlYGtWOjg+dUxcJmApJlxmOF5JNV1TaF42Rl9AbC5KJE5DKl41XyFTPHFFJG9zKzhASidyckQo
WWNoTi80cDtIdDJVVFhCKXJyQFJOcnJEdDNKM05jLiEvUjtfaTAuTz81NTw+JCEhbDV0NU40KDVw
YSMmJCdNZlNHITkiNiw/TlxSUSEhXCgpZlNCSEReWXRnRkFVal5bYGkyMl4mOSQ7VnJmNGJQVERl
bEtyckRTaCE7a2dVLChmZ3BKa1ErRGQ3IU1bclhiRSdpQ2oxTiZPQ29fLUdTYm1uWCc0ZFFXPGtb
MnVGUXBxZTo+ZEtEKTs+QTNSR0dyckR0M1YyLCRaIm9ZYXNycj1FUm5CXys3ITpUcGZwc2ZAbXE+
VUYsNiU/XXReWl4rOVFpN1BfPDhbSi4mLGxrZ3JyPkpAYFpPdEJoPltKL0hrJClVJjsnbzc/aEFJ
XyUpOzlBcnJFJyFORSddbSE4dTMnIThCbU1fdSFGMjE2X15tbixFQ19lR3QmTnJyQnU1VEM+RUpx
QzgnZnJyQm5DcnJFJyFORT1nNSE0MSJsVDgrTXFyckJsciVmWGc+I3JOWyZZNz5mYDlHY0RPZWBF
PTBvI1ZLYiNLaUMjcUgpV0VWdS5HQnFlVipGRVZpVDExXUlIaShdT0w1Qzs0TEppMUJyS1peNk9L
IStaVm1fcjhyLmRHcDkjPV9iT0dLNyNOZFJzVilKaV9hVzgrTl9pVkRgSG0wNGY0KWJURTohIVRF
YE5cajQ6cFRyckBZXCYsPFs2JUlPL3EmdD8qJykmN1NXLkUybidZS09dVTApa3BrXWtjVEFgXWpL
PDNfbCldMzRTSlZyMCUjT2l1ZE0+ZkIuTjZBW25oakpoW3JmSSIoOFhRQjBWMCYmTUFmR2AuPFE5
N01IayEoXmFcOitFciU1bEldRkA1ZjpcKUxwcCUrN1JjZDBFMiRGIytiYm9PX2FhVHJDLF1WcT1d
O2FYcllhYCpwNkRQTGshPDtwciEpXWcySC4rMV1BOypgRiY2QmUlYkgqQyZYbEkjUCZlN0xHSjRD
RnBGakZUPSZwaXImISNfXlpaJjxyckEwcjVQU3FXJ249UktjaCFJMXJyPnMnYFcjb2pidVJFJ3At
IjsuKzxDdTsnXTY5QU0jUko9JTs1XEBPX1IsVUJURWFUY2wxNzEhJF4hcEsoST1hcDJqNlRFdXJB
cXEhZ1ohOzZyams0UnI7OUdSNDxMZUZUSTghOW5sMmpNISk8cXIwYipkcW1gPFFmO2RScDInTj1X
YUM1J3JyPFEkbzsxNCREXWUxPydFOCZOblE0NjBtZ1M/Q0VSXUUycnJBQ0RvL3JRPy9aaFloYFZX
SSxvaShFR1VZJWZcLWk4UGw7bFBrLlcpKi1tbnUoKzVlNWA2KnJgWyJQTUM+PkVVNUM/IVU1Qz8h
VTVDPyFVNUM/IVU1Qz8hVTVDPyFVNUM/IVU1Qz8hVTVDPyFVNUM/IVU1Qz8hVTVDPyFVNUM/IVU1
Qz8hVTVDPyFXOidaY2ozaDwyazI0PVdXOidaY2ozaDwyazI0PUZmVmoxMnJhV1oiOiQ2bkBuWDA9
VldQO1U5ITdMW1kwMkROSU8nZmMyNHUuVzBCQ1ZWbU5aLTdDUzBiMV1HUGxkZCgmWmdFcnJAOlZx
VzNmZ2FMNmt1ci8zRVgqVTVcSyVlXCVvIUA4RlpTayRIdUAwXyosV0I/NWYhJExgISpfM21YIVck
MSchIV9sNV0pMUtPP0JdKjxiJCthKkRNLjFcUWlAJ1REVERbKUhyQmgqKzhRRFJxTElCLGRfQm5f
JixAVFArNklkLj9oLz1vaFFbIltkcjY8cidOYGQrTzlIPXE1VENVLTNVcV1OZyVZMltuYFJybkQm
UFEwP050YT47cUBfbWpJQVs0VDxkMW8yak5OS2NeLyF1RyRqYGBrRFgjNjFdRzc7R1EiaTtbKGxO
cz9gWDIsbjVGaTQ3bjpVTHFdcFY3cnJDTXFlYmpbRnJyQypIO3V1bCcwRGxrR2l1Z1ItcVskdTdy
b1whRnElZkN1ISJrMDdjaS9sNTomYjQxaEkkN05ZSmtmOSI4OE1oLDlRSHJyPjo5WXJyQGJbXlxq
IWZKJkdoPDFdSUhNKHQ0IShcIVIqcE9fYUpOVW5BN1BodFcuQ2BJSU1pKC1oUnRiUHFSYFskLSFV
aXVUb3BKJjtcL15cRCMrcnJDLUpwbnBPXElhaWtjQG0ybVAhMkNDW0orMG41cnJBMHByckBrcDRE
NFpvN1BVZT8hOSVpTHJyPTdwaWs3aUkrMTdhMikiM0NvcU4nOT06JmI0MWcwYWhKVSonLm1BJmRT
WXJyRGEwZHNwa3FRaUAmSkNbay9XITwnIyEhL1NXV0JFJXMkMHJGc05pR1VDTCEkXXBibkpLVDBy
ckQ5JC9BTFxfUWlAJkpDW2pUYVRGXWI7cGwmaysrN3MlXUR1TE8jcnJEVUE5RSt1KE4tTlBGTiha
bkYhNWRHc3JeRiQwLk9ZRG1cLElUaW5SKTUzYEsxITZaTXNwcS9MVUhjMSNrTHAwb1wtbCEiNCgl
cSVnXlprYiZJP2NoTkgvYGRkVmopSzVUam8pQV5cL0thTCJhLEwjdWtmLEk6ciU3JTEhOUA+XTtr
ZWUsQ0YvdVxLPnAjYE81LDMlKUs1VGpkZjA9PC9QI2dAJldITUZyZXQ+XXJyQnBpP2lFS3RgSGlw
N3A3cVUzKT1iY0cocmknRiEvN2Vwci80SSZgKyIwVHJyQWYyZSViQ1xRaUAmSkNba19sNU1DV1BD
LVVdNE51QHJ0ZD5WZVNwZmtyQSE2RE5zYCsnaUVyckFmMmRzcGtyUWlAJkpDW2svVyE8JyMhIS9T
V1dCRSVzJDByRnNOaUdVQ0whJF1wQm5KSzwqcnJEOSYxdUozX2pvNT5BPjVWPG5KM1JrImlcP0sz
SidqKmVeXEQjK3JyQy1JVENFY0VNWjNcP2AlOFttW1s3IW9PX2FKXk1UY1ViaHRXLitgXXMqKilL
NVRqZGYwPTwvTFVIYy1mXjlhMG9cOXAhIjNManElZ15acjtRYjNQTCZzKSE8JmtyIS9TV1dCRSVz
JDByRnNOaUdVQ0whJF1mRHIjUlRRKi5IckEodDQhKFtbNyFvT19hSl5NPypVTHJyQGtvXiolXWdy
ckBjbmRfPEtjUm48VltgYk8tJzdPUjVXcUQhc2tycjxGQEosJ2twJ15BPDcmKSpaTk4pLkdYb09B
ZVhyWUVyXiE6aF4xMnVGXk9qLFckJGBnY3UuS3NcVm1NZE1BQEokZyNhKzE3YTIocnFVOCE5aEVa
aHUjKGZyckQrYER1PCdQaXVlK1BtNXQ9SiRXbT8uaiMtVjQ3MCVlZjomYjF1Ti1OOVxycjxIXlZa
LVlURChrbmgsMU0sNChzZTQsa2YsSTpyJTRjRiE5QD5dPS8oNDBDT2I9dTU4YUQjZD5WZVNwZmdE
ayE2RFBJITtNTEtgSUlNaSlMKS9yZGYwPTwvVWYvRXJtWjVtZSxmR0ZycjxYZnByRUFtQG5sdCdf
Vi9BcjdBS2ksJ0NoLl4ocmknRiEvN2Vwci80cD5lNS1EOyhdNmBFbkdyUmhXVnFTRFVcNC9ZVERX
PDk+LzAhZWhtST9xcWVsRFFoPzxlVzInMyhEVE1PU2czYTgiLz1LYXA5Kk4+KGE9TCUiNHJyPyZr
YGtSUTFyaU5ybkozV1VbY1trIUkwJjskQWRkRFdMYGhKPj0hMj4/ISFLJ0hpUE5pIkduZV85OC0z
IXQvTT06Y0tNS2R0UzskREVeLWY3LkRudXAuR3BjKlJBcHFNOmhCMFojPD9pTCxqNmwjOV9CRSVy
V29nQUhhVVNJaGhOTjdkNSEhUTBzK2VQPltHSCEhaS8rRFdVTzdcTm9NQzdkZ2Q8NVlXPC05SmUq
ZTFSZmtQSitAQzYiNFlDLjE5cERyIklXbSlULCstVjxnVnJsUVJBcnJBbmhbRW4uXGw6I1hqYlRI
Q3NycjxLLSE6NkhESiwzTWY/MjheQW9lMDgpcHEtTW5mWUA6VHJyPTs/RWp1JktPKkxbKWdgT1wy
OVhrJCVPKkxbKWdgT1wyP2RYZEFyL3VEXCdOJU9pNzIvUSE3Mi9RITcyL1EhNzIvUSE3Mi9RITcy
L1EhNzIvUSE3Mi9RITcyL1EhNzIvUSE3Mi9RITcyL1EhNzIvUSE3Mi9RITcyL1EhOztNNlBhLyRL
Q2MrZk44OztNNlBhLyRLQ2MrZk1rWXUoNUNyNThHRHJyQTUyaiVvT2wyNHNoLDkzKFYmcSI+R1Bq
JW9UPWhdKVJxZl4jWD0hOW5tPVQ7UjFaWU1pajVcQS5jbUokKyYsXFNWakdxJW1ec11iT3Vkb3Vx
ZERGXmJqUipEJlBiLG5zM0EiVl5VLy5RUkImQkMvTENPOChZOHJeKSlMNU1YW09wPycrY1MiVFVa
am1XKmRYOGAvQ08sRytKa29dZUQ/YDZdR0k0UCVVJix1V21IQkoyP3EiK0xjLVdfRFUmLGVFZmU1
OFlfOGJpV2g3MixkYD9ha044SHMsdUxwKktMR25DUEdvLEFNUGZMY3VnRTNkLVJeYFcjb2soTlMz
UCdOK2wxaG5oVD1yYipKVCEuaz8nXy1WZGxPOCoyP0R1VGVCKCpFSHReU3JsRnJyPGVILE9jWjI3
dTlEY0drdV5GZDxtPTdoLmtaVlFCNkJUcktjLl4vOz8uXVMtLWgzITNYJExMXS5kQnJyQFhLOXV1
ajtOa2IoPlMsP3ElblBXYGgrSywsUGp0OTBqOlRwRGZNLSw4dGctPVE0aHNhX0khO1xIZkosXUtS
KCpFSHReTTtwMiEvJSUyaTA5Pm9IcyxMNXIkIUtmISNncHQsKk1zK0psMk9KZCo6VVNyJCFIZSEj
Yms4PVQ4QVYjQ2pRckoqPiNJcnJEczc9Rl1rcFFpN3NCcnI8NExyckFmQGYpR2E+RUZKa0lhKHRD
PHJaWz0kIS5uKUohNzlLXFlQXVJqcnI8cyVpW0UuSixwMydwXixsOG9fQk5AV1RGXSI1SilHblgh
OlgnR3JwVDJMWUZoXGlASy0+SkJxT25STzgoNk9yPkBQTTVPYDVtcnJDKVRwOkw7Sk47aW0wPDt1
c0ZmQWooNCwsUDs+KUg2WTkjPWEzWi5VckRYUkJPWVxwZEVAbCssWVI7aTokRmtjaSJfRl5dKzpk
LmhEVkA5YEcqSiM2K1w+QCI3Q14yPypbUyoqQF5cZ0FTMlMhL1JDN2kwP1AhMj5ITTshIW9RUmBo
V1A2TG50JU5pMEBbQTBtTlRxISFvUVJxIUEnMS4vczpiS1lRSEw1UC9JXnJyRSQsWD9aTEk9SCEu
YSZjVmg3Sjx1SnMoTWRDUTMzYERfajBlYllycjxYKHJyQmtiNU5sU0hwXGthW3JyRFQzNU40K1Zw
YScjPyRzbC10ITVeM21yXTxAZU1cPyRpXyNmLEVZT1YwSkBaPigiMjRHLVU0JlNOSSEhRVQtIS5x
dXJeVGhza3JyQFwwJixuWHRbJUhrJlZ1LjEicmU9MmpKKU0xc3JyPSU3cnJAa05yckN1QVRDYXU4
bGktcWpcVVhEOSEuSFZPX2gjU1xZPFZZanFWVjheQ2Q3Xl42MnBvcCVLP0VbXyNGRF5QJiNSQjMz
YERfajBlYmEoXTU5a3JyPDF0NFpscy9ZUF1Sa3JyPHQkclpbKnMhLm4ndGQsajsrciQjYUcmJmg/
PkUpNkJIcXUyUEw+NW5UPWMlbDwhKk1yYzlMQmA3RT9OMSNoYWdKbl0qKkBeXGdBUyZPIS9SPmBp
MDdVQDNJJzxZISFvIW0zSWZ1TmNoSmUvbGYtZUJKKUx0dXBzOTkqXlxnJllyWC8sbyEoS2hocnJE
ISZfdUJec2RzcD5uP2dxLiNxRClDaEopSlZpcnJBKTJtOHMzUyk/MFs+VV0xPWZcJlZrTjZxZE05
XltXIkZyIj1xZUxHJ1ZIITkiWUUhLkhESV9oPmVfWUAkcDReKipGVV80P0FdISQuajYqJHRVYiJh
XjFLVUYjRjhyWEEtWHEhRU9cSiZHM1ZuNEdxQSlnbGYuIS8qYlRqJjNlcCEhYm1rITVVJkYqO0pS
NmRKXEcrRlsuJStFVzYkVCJAKGhJbitYUytOSTYuczNzIz9dWzslXk9pLjllVD0tTSwsLWVIXUNg
MmwydW09Kl5mITVxX1ZuNEN0JipkaGkpIS8rKHMrN1UlMHIiPWVhTE1uKzIhOSJUNjVUYmo/bkRP
PEhwYWMrOyksQG1GIS51ZDRyXTxkUSEiSzg2IS5xb2EhNz9zRkordSItcnJEKWVxYzNYciZPdWQj
XydvPGBrXT86R3JYZmRqcnI8WCNyckJrYHJyRDgobl5tYVAnJHBtQ1Z1L00hclgvWipycj5NX1hv
QUNaay83MyFObWRxLV9oJWdmaTMuWSZBPURFVCVQMGo+bT0qVDhgKTQ7PThqRS5scixyIz5LTEUx
c2ApMy9yOGpFLmtJISxHaEtMRVQ4NVRibktuRElbSy8oYV87Ry43Sk9LOFU5PjQlXUdQJUxFKDdL
InE8Y2Q/YSpKcGMsTVghOTpLYTpdQ0QsN1hyNiZyckQ4Im5ebWFQJylxcmsrN1UlYHIiPihpTEhj
Zi9pPVJYQUlPYDg4ISFFYzIhLnFsb15UZl0zcnJAXDAmLG5YZzomYjFyJWZaTlxeYEssUTJSV1Bi
SzhVOT40KCNBUG5KI3A+JnMqJEk1OTU3NCZNNVs2NzIsXCQiSmJ0c1UhKEpAcGRAYj8rLFlSO2k7
V2ZQLywvdVs6Oy1aLUsuQEszNCYjWVNMQyp0XF8taGNWYWdNLUtyIyIoOW5fM3JFcnJAa01KKUhR
QG9KdV40cnI8PV1CYEEnZ1VIZFwkSitQWW9saS1xak0xPE5xNThJXS0hLmtGVCE1VyFRSiY8JmZK
K3UiLXJyRClkSiY/bidpMy1NW0FcLWR1JVAwaj5tPSpONmApNDs9OGpFLmxyLHIjPktMRTFzYCk0
Oz04akUubHIsciM+S0xFMEpwcDJwVyYzS2shIS4nKzRnPVE8Ni8zaXBzOCxpUSElSz9FW18jRkRe
UCYjUkIzM2BEX2owZWJhcnI8WCNKJipVYWtcS18/clhpJy4hMCZaMDcxSzdzIks7PiNUc01kSHBk
RTpqKyxfNjFpMUtjcGZEUVI+W0pwNVpSaCxLWzhjSmMjI2xhbVZeXSs7XVFLcyVxMzNgRF9qMGVi
XXJyPFd1cnJCa2ByckQ4Im5eJTFHbylBXUw4LGlRJDhIL1wrLks5RDNBYiJDTyZNbm9yIS5ITj1y
cjwwLXJyQFlkJV9vOGxcLFFHXE1cI2VLNyVgczZZUDlYR0knO202WFdPRkhASy0+SkNcRjlKXzlu
bkU4alYoSlNpVnIzakdDWGtRaTgxYnJyQFhJcnJDRitqKT1pPkF0VFtSOlxcbXFyIl1QOk4xNDJT
ITVaQChycj0oOHJyQGZdSiYsTGwhOWhQdHJyRHM3PUZda3ByTiNxdUxuZDJtUF5pPGBxITdxWyNg
NCZOViNMRk5VJlAsTlBiN1MucHVoWVcjYDY9OUozT2ZZcnJAV1FyckJsQTdnSmA/ZilHYT5FRkpr
SWEoVWg9I1RgcEYiYVEjZ3FcTyRccm80YjlyLSNoaF5aJFlbcGEkYVQlVU0nbiE1Xid0QkRiMS1y
cjwyI3JyQWIhYSdcVTBiPFIvLFRDQ2VtcGFhdHApKSRlMW43UTIwITY4bU8rVERGbjMuKU06VnUm
TilfKTItKnIjLDpfaTx0VklgOzBbcEV1KHNUaEZTXU0+PWRCPzE0YmgmLVkuay1yckI3P0opVmtw
cGEkYVQlVU0nbiE1Xid0cWE6J2JyTSlPcUliLWRiciY9TEFyI3FbKj9PY2UpYzphXUw+c2NvbWIw
Xk4rTV9bW3IqNio1ciVtbSJKLWlnISEtaXBVRzU9Jlk+KzdPNzRyME9VQl5cMCw2SipCPzlxVk5B
bm9HLjBOcnI8OTdKJnVkLEgyZGtSYFY5QHI2IWwoXEorP0I3NUFVKlhKJyQtVXJyQFlLcmdSUWBL
YlltS3BoSkldIShwOzFGV0NAW2BDRVQtbDpSKTRURXNgSjs6TGpPIzFTTUtyckR0QzxrbiI9MnVJ
NHRfX00vazw+UyIlITdMYUpgbi51VHJcXzdgMFJxM2pyJW4/UVpBWUZWITlucDZHQGZcI2VAZVlC
aXBaW1ZAZkhHb2UsNTlrZz5EbG1qOFQqdUlrI2slaHU1ZSFyckAiZi5YY2U5WGNOJEFtTSZNZTBh
LzdnNVFxaiE1UXFqITVRcWohNVFxaiE1UXFqITVRcWohNVFxaiE1UXFqITVRcWohNVFxaiE1UXFq
ITVRcWohNVFxaiE1UXFqITVRc1olcnI9KydyckNZL3JgKDc3R1EuWGFQNWJPNjJaP1tJYEMmWlVv
K2dlbnJfJTBocnJERC5lcG0+Kz4sZTlIYTA7VyUpU2JAQXBzOHJbRC5pa0s5QkUvbEdQbGRkKCZa
Z0ZyckA9blZ1I006SiZucE5VQVUtc1VvPDU/PFwnUjYhMyVHL1AoUEhmLlFXYEYwVldMWTVEO1pz
ck1UaGpPOF1VPnJyQS5ZYElJVyhPOFpWbWUrVnVoUTIscTAhIV9sayE2QSp1WVBbJERuc1s8aSlr
ZCUvbVtQSSMhJHE0XnI2YiZySiZeIVlIR2ZhXzl1KGxjOy4hLks2NTM5YyEtaFRDJ2IjQVtuNGhm
JCI0dUtpXiZKKS4nJWNbUiEiXHElcUgqQG1ycjwzZFBYR0hOIlFLND9KKk4zX2h0ZlZqSWlpWTAh
MyxsRSEyJFk1PC09UUA7LFBhKHFjODVMb0RQW01PM2ROcGNoPUhVUCk7QyUhLD1YciEsO0teVztR
WXFDLTtMckMmakVTTmYpMGkuLmREOzNbYiYqNU1EL19nN3RDSyFgKSY3VVM8WG0jcTJiOVhNQyFW
TmYpMGJVbzxMTSNxMmI5b0RQXkQsYmgoKnJNXT5kVnVmUkA1PG1rXzVNQ1c1VTVxT21VXCJHXyFf
T3EnNFQ+Q3IhM2xzXjxJWzZlViI9UGAhX1NLNjVNRC9fZzQwTVs1PG1rWiEwWC9Mck1tUCY1Uz9y
V3FjJiNvWzc8SXBIMmNAbT4oPT9nVlhzZmZpL2NhdGpaVzVEWVBnRmQ9N1YsUmVdN1MscFx0NEFI
MiZFWyErT2Q5cmcyR0FKOjNQSydNbmchJ01ubUFsQCs/IixzVT5IY2hUNSQldEVxRV5BZTJdTGIm
LyQ1LFtUcG5rXTVwKmZEKlxJTkQ7YiEpZ2YxcmZmXVUuRTZsLjpLMFBvcUUwOExkX2MiYUp1QVU7
QkJRSnJaRCo1Ol5DPUJoa3BrPktVVCNfKEFxPEFiOl10azVVODRhTzI1RmkicnJEVFI+OUMwW2E4
UXV1aUxnKDU+bXBaNDlDNkwyP04xIihwdCFkWF5dKzldNmgmRyRhdEFESiEyXUNzaDNXVys7WTw0
VE1uZT1JTXVOZFw6XCRgSlJ0KDUtTzhab21XViJBYHEiS2pKXz5MOypyPk4rL2FWVkhhNzIzWlM7
KzFJITsrMUkhOysxSSE7KzFJITsrMUkhOysxSSE7KzFJITsrMUkhOysxSSE7KzFJITsrMUkhOysx
SSE7KzFJITsrMUkhOysxSSIqVC1kQDlFK3VzZ1xGZzYqVC1kQDlFK3VzZ1xGYG8nYj85R2JdaCgq
OCxQIWMpPzBdaGxgQypkbCRUbTs3Zk5JTEA5M0BhYlUzLDpqKUJNM0ZrMic3XjA3RzRKJmViTz9k
NisscFF0L3BZI3UjLU1eV20pYVZTQFI7SC5jYkYhIVk9NzIvUjEnZFhFOFdAMFAwLiYrJE1vVUdn
aGhOJkk7J2BTMSFbW1sya1lMQ1BWcHQrWG1yIzxjWCEkPlBecnJEQW5TLEIrZGR0ZDJfZkMoZ0Ry
cj0+MyxRLHNaaHU2Qio0NF4mJ1J0MGNQVTshL3FLSUVSUCE6YDtLLiVjKyhBKzs1RyVKXCE1a01i
PFFtV0VyIT41MyQ7Zl1fJHBWdSMvO1dHTnI9LiY2TWBeUi43XEYoYkNjPzZCIUlZREFhIWtTaz88
ISQvOS9VNUFzTTdESWcrXltQNkFxQ28rL1REMSFycnJBKS9UQ0QhKHBhWCZXKGciWE9yImQ5TyE2
OG1PamVAOGlPaF5bNCYsWy9LRHUkV0BMbkZHSShdT0lVVTJUZk5mREhBMCVcS3QsTzhmNEwlUFJm
Qz9lNlM8IVc3aypfaldnSldyRShrQDonVTJuNjZfLyEkLyQ8ITkpMjtuNVVTLDBYJDspcGFxRigh
MDVcKGdJMipsLENmNEYrOEA+I1EwM1k3ImFMJUlycjwmWXJyRCllP2lEJi5ycjw0Im82Y1ZvQCc+
RC9wYXFGKCEwNVwoZmdQbWosNTdgITdhTGlaXXByRFlyJU0zajpdIlkhYFcjcVlDOmxlIzgiXVEr
S1x1Jlo/cEJKaXBhOyIiITA1XChpQypgciwlJ2omNVBRXztyPjZXcE84S2Q0cnJDKVM6XF0hJHIi
V1Q8TiU8bThyWDMzOCE5OktjRk88PnFhSWlBalwsSGA8a0M6VSlyJ15QYl8vKktWRy0iRjwhIUhz
NyEucUQoZD1sczlyckJob15cSTJHPmEvJWluaDoiQyVWWWtCSnVlbk9kPUhbNHJyQmxPP2k1KUpj
MlJiSEY4bDVsWDI/UzRZVExmRXIiZDlPITY4bU9uPWtGdE9hKUI2Tjtpbkk8SVpPRnJyQGNccGtm
Ik5LJVJqNW0ydGlbaHRTXDZkZU8iPSRNXUpYIS5yazxxIUVROidNbyYqMmBMWEhEdUwqVyNRMzRV
TzhmNEwlYkxeXE5tclJKayldOWVeXG51Y2AnPS84YFcjcVlDXG03aEozVC9McGlFKSonanBzITBC
K0FZJFI1VE5qMF45NDNPZXRwWG9BQWooJUR0OyEhVFdXbl8zdVJCVjVtczQ4cDVfcnI8NCdyckFl
cnBsWVJWSyVSajVtNEAvYTdjM3RqXUg/YFI/UCxObD44Ujs+Kk8iZUdNPypXRGlyOSIxMlpFY248
VGE7XVJmaUdKcnJAWideXEkxZnJyPE9CcnJAWU9yckNHdEhwZG82Xy8qS1ZHLygyOy1qMDhdcnJA
ZzJKJiwuYiE5aDpLK29fUSMqKy9WZVg4YDE7U0dyVElXcj9yN1FyaDRlciJkOU8hNjhtT249a0Z0
T1smVl41UHU3Qis4Ti5FTG5GR29NdU5kO2QxPy1lXCxIYDxycj5Mbm5JUFgiImdOUklnQVxdNFRG
XipaclonXG0hIVFJKCEyQllrTF03QCtmWUA0Sys3U0ZNcGFYJlcoYSRbXHIiZDlPITY4bU9tJVQi
cE9aN2pLTlBGc19IKTpOQFA2MU5BcnJAWideXEkxZjJ1RjhDclgtPUk/aC5WaSZPNWFwMEUrJT9m
MHBBU3IvKEZSX2pXZ0pXckUoaz9zYUtGITpYMi9ycj0oN3JaJ1xtISFRR1k/aGxCP0xuRkdvTXVO
ZDtmQ2RmYyEuUTUjbkUoOFYuZWlsWTpXLEtxIixtMFpObXJSSmspXTllXlxvIU5gKSQ6SGBXI3FZ
Q1xtOmlKM1QvVl5ZayhOITpYIlA1Tl1ocywoSk9aMEUrJSQ1T18vInBhV3IzcnJCcTtyJ1VKYV8v
KktWRy8oMyYtajA4XXJyQGc0SiYsLkRyckFNcXBrZFclSlsnXnBnLyVLYkR1Oj5TcmVyQWUtaU9L
X3JyRCllckgtRlArMzopUDNSQFszVERubVwoJUR0OyEhVFdXbl8vS2ozT2V0cFhvQUFqKCVEdDsh
IVRXV25fM3VSQlY1bXM5RSNwY3JyPDQicnJBZiRwa2YiTkslUmo1bT0uWSshOldEViEvNGJtcldb
a2cwN0ZOMi4vOmQ+TkNVbG0tLi1nbVczbjJqPUd0QTVbM25lXlBSME1OXEpEb15VNDxTIVU0PFMh
VTQ9MSk7dExoIy5LOUFRJSplZVAoW0wmQCxKU3NkXlwiNi1yRyVDbXIlJT4uclhLa0ghMFswSXBc
ci0pcnJFIUdLImIwQzVOSkU3SWI0NDpyckE3WkwmVixWOl0ySC9UK2s3aD01ZzJpcj9ZWVtkNyJi
byNqQSI/ITAzaFIuJW5yMGY+I2k3MjgvbD1fdUJdUzZoJj4iITdhS2FeXCM3a1oqZlljLC5FJjYm
LEE2M0w0QW5vRj9mXldbQj9VQnJyP0UlSSc0PWMhNkNXR3JyP0F0akY5bz9yckRUWCs4Xl1kO3NC
VkohOmZNInFoK11DbGhYJWRKISpUSFU1Q0NVLiYpUyEuJilTIS4mKVMhLiYpUyEuJilTIS4mKVMh
LiYpUyEuJilTIS4mKVMhLiYpUyEuJilTIS4mKVMhLiYpUyEuJilTIS4mKVMhLlFiRT9vVSNRZlwr
NkxKNDI6Ul9RaT1QKW50YnQvKnVbQTJUOGQ0Sz5DOilgIStXSURyckFuZGUyZlBkSE9AMU5YOFli
MU47aW5FRzFNMDheMDdTNEomZWRzazFqVkhiT24qTy87KnBqUFddaURNajVTJkdvbFkmSS90Vy8q
RCZQYix0VXRgUSduJGQ3bUNhTyVlVWg/VnV1W11yWElcSTJkWzkqZzIvZUU5NCtUVmQhW0c4cnJF
JC1nJkQmNlZvO0g3T29HRVNjIVJDWWQhW0c9TlkpM2pQJ1c4aUJtQj1OISUxXGNsT1dxUSFSc3Q4
STZtWi87KzIwITsrMjAicSFcNF8iVXREMks6ImhccmwjdGZHSmskRkNXJC9QWkY+UUdsT082YyZE
UG4nW3NmSTJNSGNdMmVnXEBaKGxTQl5wOSw6JXJYVEQ4VUFrNVRMWzg9KVlQXW08XlxIPyxCRSVy
OG9EXGZUXjNqbyIhM2xFV3JnVzpqaj5tOz5WPitYJSEhZUFVT1F1QWpIdHJWOEQlPDBwUW9CSS1u
VyJvUmhvaVRocFYyRTJTR3BAPm41YlYmWVBua1hWYjdpbW5hU0RaTShOUm5lIzwkcD5EcWpaU1pH
cm4hKmVQLG9zKlxAMkJzP0pqRzFoTlhjSjdQJkEzTV5QSypIK2AsQz9ZMFwhYSJpWEhndG01Zi1x
VXUkQkAyUjw+X2RqXHI0cWQ/LzQmSDtgXis5KT5XPjRiJlMuQStEQW5HYEwsNDUyaE1NblRVVy4v
W0dNNV5dTjwuKTRsMFVNVitObnMiLEJyckE/X1M5LUw7aD1MXEU3MixgITcyLGAmN3VNYXRpSyIn
OElkYjg0MENeJ0tQR011dFJ1S3A4ZThGO3VnPUFMYWtwMkYyVVlkblFcJkNOS24vJGglJWlZNVw+
SU4iJkQnbVAkaCtJXDM/UzNqQkBnNUxOT1M2W00/ZCducSgvK1c3LWgxIjMkOjQyXDs9SE1xcihW
WztIbExLJVZOOFdEKmZiLmsvUlYjcXFZKSl0QTxadCY7MUhiQlkiXG5GVnVHNFJuOSNRNi5JXS0h
XEY/RTNeQmVXVCEjRGFpJiFcY0JVZV9fa1F0NjNzVktYaEdYb0FDMEVMUV1lPDt1ck5fPlosT284
T1JbKVkhKjppLXNmPVk4a2RXcmcndGVlKiRVKjVUZDYsTzhMJURuX09YVi1cTSs5bj1ULUJvMDda
YCRhOU9lP2FrTGRJTm1WRz5QS0IicnJAci5nMTQ1P0diO2xTKVFgWHA6WmIuTGdxdCxHP2lFSHNp
biUkLCEwN01LcVZzL1dBcS4oaHIwZlJdcnJEcERcaEYmRTZVMl1WNzI+WEdycjw1U3JyQFohPlE0
XT4yZ2NdWW43VVs8MkVIVzReRCM8IVZVK1gsSCdcOkFOZFMwXy83XFdwUjMwJiFeLStOLUk4ZyNR
SiYrTCVBKUdvaF9bNTxlZzEwLyRTWTQ1TXJyPTIvKCxCYmIpcnBxdTlQbjdfWk1tbCJZT1NbbSVn
KU1oVUwyZy9ybS0pIXBQOl4lLFFAYUJYOCYva08la0w9cWRnST85NCpKcyg0SW9hOURJSytdRGhr
Zz9Qa25SWCpCXURIQ1ZdXVVUTmlgVDR0aiJyO1FjQy5kJjJecCE2SjchLyYlOUNLVzk7bTRcMCtu
LHM7NCphSUY0ci5QJkwjUS4kYnFkazkpWCpjbCshNVhzIUlTOUpYb2NLPWI9YjZHLiYsW0lAcWRM
Ki9yckI/W19wQTV1P2Unc15pOiU5MmdcdEZWYVpnOjghOlh1WD9dYXEsQkYhazxyJ2c7VT04cjlK
VWoqIkEhIWE+NSJUSkprR0x1NS5KKC9xaSp0SjtObjhXcWJQJnNgNEleaGNGISFkcSRmJUJzJCE6
NXA9bixFQG0oXEwjajdJZzdWSidqcDYiOS8/K2ZDZXFPNzAlZUg6JmIxdUk9QmMpb1AkTiJyckRQ
LklwXG9sbjNhdGMuZWduaHBhViZNNEZRNG1NRV9HcTVOLWxNLSo1aFI+IW8jamI6aFI7WWtiaG5j
MDBZc15SKU0uPTc2Q2wpO1I3TD1XYFdiSigzR1JyckQ6N1tAZVZJUFlrXUNgRiJNOiFWZGktaz9J
X2puT0xPS2csRmNhNGY/Sk1YRDU0QmlbXC0rbDpoN3FsP10iVU1kXE5DV250XjVEL0MpVzI5YUtv
RVE5MCMyPlFrQEE6TUc9NU9fRXRmbWQpOW43Uj1GaCwhJS5MaSRfb1ZSNWhURVFNXSleW29UUGtx
TyJRcVhcTG4mLGxwanJyPDU+cSJ0J2siVjouU1dVVG9maVJgcVo6Q0AiPltAPkBlciY4T1FmciE+
L2NQSk90b0BRWGBiNVZIQShPVmFBcGUkJyRBYy1pUiEhZT0tPDUjcWheKHBYYzNYKGVfNUJBSzZI
dCtiUExdNzZAJ2xvRTkhNVtRIltUJEwtcV5fUydQUSdRQ3AlXVs3SEJOZUM+PGgrI15ZOUckTkZV
cV5yWDxgMTg6VFJlJiktW1UhM2M/YzRzIzQzYjVULiNrYiZJPDVQVTA2cDpVRCpVSkNULHJyQFww
cUVOc21uKFJDNE5CPytOclhMVUluaFIkMzRtMyJAX3U6a11yTjNpdWUzNHEnaTg0SG9wbCNJT1tm
Nj8mOyMjPjkhLyNYcHIvXkQzbDhlcURHbEljIl5dKzpLcnJEbVBUODNGSHBjLSRmb1shOm9iUCYt
aEZaWHBOcV11KSVPM1gxQnJyRCs3SXBcOVBUcVF0V0cwZzAmLDYlWWpbP3ImaWNcTHVOZU1KNC48
YGphWzAhLUBfTylsQFdyRkwzdXJeQGhIcmtXZDhxQyNDSEJFOk85Ol1YISE6XWs1KW1JVi5oK29f
TkkmLHVYT18jLUBxITNvSCUhPDMka0BCXDhXcnFoKklJUmpEPF84P2lhITYuOyU1NXRWZjtaP2Fz
IShwWSZQaUciKC1gUzh1STMmPWZqUVBRUF8sTEA2ODglLFEnUjpibD01ZzJpcj8qPmBsOk5OOCNq
QTY7M1dQMXRQLCVTMmxVKyQkP04xIihwdCJwI1xjMlhXNU9kInVhc01pQiEyXUNzTFoyLCYyNlpt
MkonJCU3MV1JSFxNa1UuTmwkXVtYamhMOTZdaGFwUWh0W29FcnJEQjZyL14qcmh1NWUhcnJAImYu
WGEpMHJdVDxBIS0hRTtJPUZePE83R20xJ04lOlIiVmFnISJWYWchIlZhZyEiVmFnISJWYWchIlZh
ZyEiVmFnISJWYWchIlZhZyEiVmFnISJWYWchIlZhZyEiVmFnISJWYWchIlZhZyEiXDNlOiEkNz0n
ITdzLi48QCguWnJyPSsncnJDWS9yYCNLLjZmVV0uKlYjP205MFxDOCE6NFtVSitWXE8xSW02ISg2
PUVcSiZVWEFUYDUia19jZCE+ZHRHK01LLyo2VigmWmdFcnJAOi5mMCJpZjdDNTJvakNpZltvTUol
dSpwJCw1VW88UU4lImFAc1VrPz5cPUcrOlcxYzZPIWtjRFN1LFFAYXJHPGItZiE5MFhMR0xNJitb
SkcoJiNMXkBCNU4oQl9xIzo/aFY+Z08kb1xcYV5JW2RmNG9XUisyNmlLW0I4LDkiQWZETTE1R0g9
JSRnXXBcRiglaGdtIUNbXSEhQ1tdISNQKmxTISFXJ1s/aTFaPSE5NzVUZjtxNC9oZVFSQT00bU5R
bjZeXEA5Qlg9QHFbQDM9ITteV0BZRHQiMlU1Qz8kZGYwO1dZTS49XmZCYyQpNy8xaXNPbl5UMShx
ImknaD4qNzw4Tm5CTC9VdWxhWElvLi09S0Q7VHJLMlNFNURFT1I/Z1IrO0ooZGlbLUU2XjArMm8u
O1wuR3RXMT1maC5DTVA8cjFsPXVISVswaEg9NlREViltMCw/Il1ITUlwWyZfXEI+OUMzLCpHMEYq
dGtiY1whQzc/RXUnRDByckInVmxpKjtAMERfWXJyMlJzT2wiWilIViVeaTI2OTxRR0oudGpmMFJw
bz9eWWtkISVmWk5cRVc0JWprSmhAOnAqXUIhcikyZTkiNENhZUR0UVtHNSQsa18uL3M6dWFtQnU9
VEZdPGlwYzplQSRDNTEocnJDdUhoWkd1OzRQOi1FNThHbT0tMyF0MkoqU1xuY2M/ISNePjtrPSwk
KFYjNENSNlEqZEcubm5dLVlJYkZNOi5lb2BFW0ZjQWxZRHIwO1U5LnViY1pJVjc0bTZEOl03MixC
cl5vcXReISQyZ1IhN3IqKHFfXDgwcnJELSw0cisodGZmZGB0b1xVQzUpI0IkY0dbLGFNKS9LKy1y
SkgqY2NNZVEuZmZkYHRvUlxSPiVcKUpwYEdaLTMmR1QyYDVFKCVKXWJeSCdMJUokPztjOSFDT1tD
IkpmQ0BicTxyVVI/JlxpLnNnLCReP1sqUV1hbCImQC0+SENKPWphI2FwWWRPSzJRV21TLGwnLCVq
Oy0zRCNycjw5O3B1OyVgSissdV5NdSYtbE1OVl50PFo1JCxpW15RZGVnV2dNQ1xfSjUhZi9xYzcw
JEdna051LkJybVhhSU9FW1pSXUgtOTAhMFc0JXJyP2ReITskL2gzXCEvai1DVlxuNU4naCpxJzA1
ZDVPPC41cnJEXFc+NVRKN1s9N1VwXzQ6ZlEjUT9WSjpdL0lAP2lINTM1VGQ9dHBpNjw2I0FcZURn
NUw1PiYsdVddSE1BIlJCUGxqajRBay5URF9MdD5hWURIJWJQcVE5YW4nKC1uTzZmcHAmKCpUITVX
SU0tWFpkWnJyQFlQcixEMStyVWNGMmZRYytVKD1PQXJhdCI9J1s+WSViNzgjbGYvXlshJCEpWjAi
UWtEXkFNQz4sJ2w6TkosISVMJG1VUyVba0JfMiRcYyhGcmA3SzNAX0M3SD0xNlU/TFFlbmswXiEx
MWRBb1BKMUZwN0w3cmhZN21Ua0g5a11yckFkb0IhUWRoKGx1TDo0PFNhbm0+KFstJ3MxWD47KzIw
ITsrMjAhYVNNT0deRW5CZmlOTiYxNTdeIUY9TUZlOGRZS0ZIWSEvY0kvK1InSCVOLDNHUDNfVzNy
bCdmYXJAITkzO2lMX1ZqSVc8IWZDWD1mITBhNzVycjwzdXJBTiFKUlo7akktXiFqZElNMChSZFQq
T203b0UyWGQjTnUzVEU5dUk7KzFJcHBtOnRDWCdiUi5yckE3VHBoMFUsQUpbYDYhN0xhSmMuRHNx
ajNrPTchK21YL2ohWGdFRVc2InInMTtkImUiczBtSCRCL1kwMnEiWFwsSmUqXlxbVSYhJGg+X1ws
UUdoR2xJZCErM0wzTFwsUUdoR2xJZCErM0wzX2Q+TU40UCdfbHM7K3M4RSdNbmchJ01uZyEnTW5n
ISdNbmchJ01uZyEnTW5nISdNbmchJ01uZyEnTW5nISdNbmchJ01uZyEnTW5nISdNbmchJ01uZyEn
TW5nLWg+W0pxVXFjVEleUWhBZmg+W0pxVXFjVEleUWcxTzsjJkg5X2dIJXEhMFlnazVQbEovVERe
Ri9TIlA4T1YqRXVucjBFcm5KKFdfXXJyRDwjPXU6MG1wKGRNW011TmQlNU0lSEVyXkYxVyhaXGkj
LlFXXyZvdSkzLjtIMDVYXWJSNi8rLUgiXDhPV1ZOI0M3Y2I7OE0rR3FjNzxBa3I4TVphbzs+YSV1
UGwwZjE+bT1mQk09OyslbElLcnJAW3E1TkY5YD5OcXI1bUVMKk8yYVIpPmhEZG4lOGE4aEFYNWhQ
KFNQNDcvNVAzXzk7KzI1bSNOUiRzJ01uZyEnTW8mKlEyXmdmcFIiVlIhIVJdRGZLXFhVQEstPilx
Y2BkY146YUlHSyksRUhiJFAnKkooVCkhcnI+ZGVbSVA9PCdOJTohN24kITZDNiFnL1VHKUMkI1E+
KEBDJjsiWyYlKTpzNHVOLDQsT21fLjJCazoyOT9JMjZIYHErZm5Kb0lHSDpuZUZcVUQtJDQ0aWF0
SWkhVUBZSy0qZ15VIT1KbWdLJkJwY0dXT0FgP0pubDs6bVBaW147LnE8SmEwb1pDOk5GWUVdOVlO
bmpcJDJPSTxyJGhYR0pxZWB1cUNoNEpuP1YlJUwicCRKZjV0QF44TTYnUCs4WF9wSUUxb3QhLil0
TTREM1c2TFJvNzI0RlE3LEM+MkEuRkJeYkRGWmk0XkRfPStVQl1KXDFROz1AZkNcXlgnIS5xdWMh
NVY2Uzt1WmgkLmZITS06UGtEM2YvRElqZCFYWTJpVTJPXXI0Ok8xY2VuXERdKU1iN3JyQE1CcnJB
P2JxP1IkIyM9JjRnXyxuViNoOVohNDtyRGkvNnR0YWZyKU05YS1pWDBMcnI9V1tkX0dFUlpNc3Ba
LicpbC1KLWwqUEZCIkopOysyMCI6Smgma05zaCRGaiI1YW1yckI8RUghZGlOX1JQQyInP3FLciEo
XDw7aiJqTzMhMDdNS3FWcy9XQjBXWyxyMGhpSTBEZC1uMnVcdC81VF9BJ185P2xvaHNhLTNNJylG
KGQhdF1SQ0w+OWBJbyU2VkYnJjo1Z1l0YSVMLDoiTjNuaTNWcEhUP2c3N1RUR2RzM1puaWtLNVhB
NywqaEEpTzlQJDJaRk8nQj85Ul5NRC4zPVImKCluQGMhMjI0ZyMqPjVhb0VtODQxO1c0XyNpSU9B
bC9KImsnYiEqaj06JGleM1k/QFUqV14nOSk/LydyZTxPdCRKMG5HYEtFNSFOW0VxRTJNNUopSCd1
UWk4LShyTFVkZm9fYHE1IS5sLXNySi4rdDU5LU8iIS8hR0siLmwtblFdOyJGbjNMUFdycjxVVkhq
S2BQVVhTYkJyWShTNHFcX2cmSVFEdHMqa3FcPmtrKU4zcnJAV1kkQGh0PmxoYGhwZEhQb0lycjww
OygmSlMzIS5IbSwhNW9vWCEhIzdJb1hvREohLmwtc3FkXVUzOl1DQ3RRaFllKSEhSzFnVDhVPzJu
R2BMSmhSVlheaXVMbkdxWFJwLGVnUU5fTUI9PlxMa2VaKmYrXyReP2NWKCUnWFJkOis3W2haYi0m
R1ghMldURnAnRypIaHUiMVxyX2FkLGUsSU1AXiZKKS87VT5aKGQ3ImBCWE1CazFdRGhrXzQrRydx
WUNHSzFULFcvRGkhXSIyXltSIydKJjZMbz0xWiw+QmtSLi9SPSpcOFcxbzs0SXMjKkI9NyIhKik8
cS8kLSVGcl5ySlB1J3JmMzpwNFtdMmttZUBDbyEoWE5ZRHU6c0suVVZ0J2ZBSG80Kmdfb2UhOlc5
Xz9hNF1SSjo5TS5gI2RlOnJyRDlUSHVdL2RKZFZvbXBrLj5wSixdTURkZGIqTyNWN00iMTVaKTBG
ISdtYVRCdTdOISVuM05EKGNvWmkuZisqXlltRiZKMmxUX2ckdVFOJzZZLGYpKz1PUzNJZXNnVClh
QilwOlBWTCEubC1zTzheOXRwYV11NkdJZ1Q7WmY8XG8pOCslPmZBV2I6Lyt1R2khMylbVl9hcjJC
Rk1CY1lxX2JIcHE3YUIhcUdrKlRURTohIVRFOiEhVEVgSGRyPDdYRHJyQm1QSis/bzAqZTJoSUlL
JztEJjZKMFNJOEEza2pRSEZcKldIKmNlKUM8LHJKTEAscUdARURWXSNMN2FaV0shWU5ZTlYhJTFE
SXJYLDpvRDRkRjc8MFxJJVg3MkNacmZGNzxsOGspY0FxWTpJPUsoRj8sSDBtIi1qKS1AXlteXHBU
PGVJc3IxK0E5NVBsaz8oXUtjVGVtRjhgajRecStBXFwlJSV1LFQtOylCcykvckk+KV1EXyNdV1Vk
XStycj02Wj9pPjsjT283OG9yckMqUEoqbWovOlNxQHIhNjthJW1MU0RUWU5XczFyXyNEa01DPj5F
VTVDPyFVNUM/IVU1Qz8hVTVDPyFVNUM/IVU1Qz8hVTVDPyFVNUM/IVU1Qz8hVTVDPyFVNUM/IVU1
Qz8hVTVDPyFVNUM/IVU1Qz8hVzonWmNqM2g8MmsyND1XVzonWmNqM2g8MmsyND1GZlZqMTJyYUVN
dUomdUJvVERhY2dhOFZTVFZKK2xXbG1iZWpKKz9mK0MmXDBDSV5CJVNWPU4obCYsPmUjazFqPkBf
Pl8iKys3XyJXa2VBPj4qVTpRYGw4VzRRJjlrOSVnbzdoMTdvRTJNT1c+SzVdaC46M2Q2TFlVVTVG
dFtlLGZER3JyPDhtSiZoPCY1UGpdQXJyPUtgb15UTCdWMSltJ183UT8wcnJEUmJyayVGMGIkK2Eq
RE0uMVxdUHJaKFBMUFpiOT80NzMzZ2ZBPEoqRkhRVTVDSmQmJytnMC4lZ1ghLiVoKzQrOHVaLnJy
PUtwcHQ+WklASSJJJjJxbG0ocCVBWGcoV1pNUXBbUFRoX3EjcStEbWNkMGtRJT83LWl1Rlo4Z2pc
Q1ZaLVlTUjojR19tdUg7cDlNWk9OWUpibnU1TjYxTHBwN2wpPGQwITddOWlJOG1KXjJgJUs/RyxG
YydRJ3FbSXFwNzAkVF8tXSdyY2opNU9wKlxtMkZcVD1oOylQdU4oXHNCJWc6JDBXQUZZRTJwUTxM
MVQnRUQia0hkbjlWIkVbTC9yTVRkaFUmUCo2KEVgPWk+NWxrSiErWkRbaG0tVitxN2wzZUJdJllQ
J243JXJhOENQVzVPNkhxcm0tKChZUEMiXkwjO1QiRkRxKyNMNERIYHJyQFw+cnJELWpJaEchNC1f
VUo+bC40RyNRYWYtL29hMVd1IztPLVpKJiotaCxfK0g+NjJwcjZYZlsoK0U1T3BFJ2RaQDgoJTRC
SWRTS2AkP2VAbUgnJWNsbW40aGVrSWZCQlRvUGFbUk1TRzQhYUBGb29yckIyWnJJZls6L1JlNCJp
MSVJX2k7V2VXPS8xOTAsWkZnNVBZampMJ04lOiEnTiU6ISdOJTohKCZXSzBfKzkoOytXaF5obSZi
J1xxSCM3dUAoI29acnJCbCxyckQuKGhdNHJKWF9aaGo8QG4ycV1gImtEOFEiJkgoJktIWyEhW2Ih
YV8oPiRycj9OYlFpQCZeO1YwcWxJYGQvVlNZLElWNHVOPz9mWEleVyE5bUlpIVcxODUnTlRfdTsr
MUkhOysxSSE7KzFJITsrMUkhOysxSSE7KzFJQzUsW1Rwbm1EQSslZlpObHBbSjFfcmwnZmFyQCE5
ND1zTjxdSyJpVzMhOHVmcV9nSGUqR15vIVxeQWUyXUxiJVJIZSxEcihMW0NeKE84MWdyP2dxJXAh
N0RiXHFyZGlVUG9NTC1RMiF1KHJyPlMqYCxrWE5sOkxrUEZOaypUV0A0RmRZPFFjXlYiLVw2M1dQ
a1dyckMqOUNPWEpMbm9PZzIlMCQ9b1U/SSsnP1lgY1RyckR0QzxuSF1LcnI9RTxuQy5CWi1BVlUk
Vj1xPVNRW2Ndc29mZCNIXlo4JUdyckI1dW5pcyQmSiwmYyFyUEFFMm9aTWFacFEsOWhyMktBZitM
WE1WLWIqI0InWjpcXzcwIiQhNzAiJCE3MCIkITcwIiQhNzAiJCE3MCIkITcwIiQhNzAiJCE3MCIk
ITcwIiQhNzAiJCE3MCIkITcwIiQhNzAiJCE3MCImQ2h1JWRucnI/PFlxLEVWImh1JWRucnI/PFlx
LDJQUyV1aFtUNUs6M19pcUBXR3JsNG5McnI+XlJWOWhIZWRaYF1CZl9Fa1M1WDRJT2VwbT5OL007
VlMhJDdGJ2dQYygzR1gnZTJMXTBgTDRXITBkV3RlczpYczteSVU2IytjO0wnPlUhKVowISkyMVJZ
OypaNSFoc2JQK3ItZUtAcnJCNFVEdDk0LzopZmwmPTY6bi4pb3FzWStdIXUmPnBLLzw/YC5iZj03
NytQcnI9PjssUS0hW2xpJ1lWNDRZTU1EP0hpM01ZX3RyITI+PyEhMj4/ISI4UC5cIS5zbDksbFtq
cl1tT2EqcU8kWT5KKm5Dbz9RclMnVEM/L29xK0tuayYsUjVdSitWVzY/UW1jIVBZampMOFEjOilv
ZCg6USo+S2s2cDdNXVRVNUFyNk1OM1BvUCxscF9Vblc9ZiFEP0RsITA4KFtxWFRyZVplc0Ykcl80
M2ZHUSFgXSl1Zm4vK2c5bzY7Wj9gWT8sdW5oOTQtQmBtIiwwOi1DPTU2cmxPU2RyckFpLDpePipM
bjhoOj8mLDdCSWAuZTNrVCI6TUcrOSM4V0NcYExhbDJMYl8lVlVaanBgbEVMSmo4SEhUYDUjVmYl
LlUmYT8uYE9QWWpqTCpgJj07T15Ga0oiW0NyLiYpNS5fKzJSQ1JyIkpRcV9pS09ta3JvXisvW1Yn
KEhiQ1drOFMhUzArVlxCXW9ZOigzJE4wMWZrUUNKW3JaXUphIS5wQzYhNzY7ZFg4YC8mMmRjS0o4
Y0pjJkIpX2tJOFVvcm9yJHFeSF8mXy8tISUkN1oiVl8iNkpjPl1eQmBBKEs4Y0plU1M5dWdkITVT
aj0hPDMkRjwuRkVSSixDImFyZVxcNFlQXHU8Sis/VGc/ZFYrXFcsWz0nZyMpOXM7cUwhU19RV2tM
PyU7RUY5RSt1KEJSZGlnXlpfKTUuZlRMYjdLM0FmISR0Xy5daChJMlciWFpzZylvZl5EUC1GJElN
SUBqVCdRQ1ZQLG42THJXamhNISFQSVpxdTZYIjVrbHFrXkUuY1BuRTVQNWgqXSdZLlo3Jy5MVmwk
NWA+I1JLQyppaUFSazF1Rl5KRVJ1SUsnPCpjVGg0X1lEXSVIOnAjNj5oXD8tP19Vbj5AcnI8Mz9h
OEElNWorajksIShCZ21yckNLSENcbk9EaltdOlhoPSkzT3A0ISNBSnVKVEhkZmtobzpbcG9QKyxS
QGFWdTpGVWQ8VW9kcXUsWygjS0pcQjhRIWg4P04xJCohIU4vdSEucEk3ZFFkNHEldUFyU2AsRj5f
Pm5VOmY3QWlSY1goaFBWZHNmYl9FdGhPSk9WLVp0KCskZFNpMD48cCNPMjBEbjkwJFInVTNfN0Y3
PzcxISFIQTFyMDouWiE1ciU/ITpXbjRxQEdoKkopSDRNcnJBNF9vK0loIyE8IzFfIS9SdV0hOHNd
J29NLlJiSilINE1yckE0XTVONDZvITtKIVVyPE9KUF5bT1s3cnJDL0BxMTFzN0lcQ0pqbjkvYUon
VHNGIWsuZ1w0bj5iWC5yYF9oaUtsbjkicnI9RDNsLzExM3JYU2MhPE5KbzVWPmYkJlpMNG9oKTFV
NiZeJ1c8S2U9cW0jZmg6RiI/XEIuPyEuU0xOWjwtRzJxXy5zKElLcHIrXkxlUkgpSFZkXmlvOVtj
ZzJBVjtgX1pFbEVHWylsK1s4ZGRYNEpsc10oY0krNjJZRXBRaThBc3JyPG1iIUlSPmNdSiY4PS9v
Tk1vOnQrUywhKmZJJzlWbVtIPi9nTEE5Vm5yV0xdLlMqcnI8NFBuMVhcUyNONnFzLV05K1BkL0dN
PkBiKTRQU0heT1hGYUZvQV5VRTxtTTtYSGpCLXAtRiEuRHNYJ01uZyEnTW5nISdNbm1BbEArPyIt
MyF1J2k6JElwSWgyUFpscl8iJSE3SFpSb3FGWEprVVo0OnJYS0c8ITBbMDkmLFIoMHJyRFxjJE1k
RlJyckE0LlUmL0tNajhNZjYoXTUiNG9TLmdFZDckVzZLV1U9LUpTW2hSZTxCVSlsJ2A0MzcyLGJD
N2wzKEw4LGlRP1cmLTotOUUrdTVlWm8hKEonJCU3MV1JSFxNNG9GYElCQCNTUWk5LktBK2o6MCEw
YSxPQkUlc0MoSUotJWRlZDU5YkoycyErI0Ntbm5nMjlUITgiLkUrNEg0YXItUUtgaTtRXlBBXFwu
aWE4WSNyPDtRVFY+OURwaWdhSm5TQEw9TlhKLW1eIUotbV4hSi1tXiFKLW1eIUotbV4hSi1tXiFK
LW1eIUotbV4hSi1tXiFKLW1eIUotbV4hSi1tXiFKLW1eIUotbV4hSi1xPipyXU1TLSEzVTI6V18v
PD9yXU1TLSEzVTI6V0JILG9gZks3KGoiTD1yWThSPz9mXHJpW2wsJFZRS0R0b201RDpvUjBEcS1e
KUxwRSxYVCY6Yl9ITDRJcl1NZS1baG8mNUokKW9ici81NjcwP0RWOlVcIkdhODdvIkxnYSVOYz1L
OyQ/IyVXdT43biFETDcxYVtCNU5TL09KYmhuOiEhX3VuITY8Rik1UGppR0lqbzEqay5gWCNpOC5T
QEhnc2o5RmRHWXU7VjEwYElmQkRhVENQY1U1S3Q4a15aPVppXWpecEBWVmkuYzc9QGMnI1o0Iykh
KVowISFXOFI+XzBZKTJeWWw7RiohbCM6PjVuVGVePUwiZFlIUnMraTRZY1JRZDpaK3ApXlhBITdR
QHVJIj1OZDhRIWwjKnA8UCciUUI8RkZKJTwvcDpUblhtKSxsPlAzRzQjUE0nPGBCckY5UEQvUSlU
UTxSTCZyckFwJkNmKzc/bl1UajdgOEI3X2luJnVNIkZPcVFqSS9sJTQ+M1ssQVpUVjtKJ1ZLdGxQ
S0tsTUk2JV05NChHRF83WW0qaHNhXXNLYDsmRnEwc2RrO3J0NDdURDFCXXJXc0dRbUNEXmpyWWY7
KT0sI1woaWtMJSRxKl5PV09ULCFtSDwqN1dDJlwwPUBmSEY0KF1DYiJyYFtZUm82aWk8TmRmTShk
KkUtKzZUYyIlLFtcMFApMVViNTdtQ19nTmYjQFArOEAqZ3IiRl8lXltQLjlnPDMrYEFLQD5bPzNu
cEcsMUpgKVhbSVE/WldSJTxsPS0rWkhIWjtqMDBmajI1VEk1MXFabSRnbj87YSdtYmRhOW5eIV0l
a2tiJTcvVVRTOnJBblZBaj0objFGWTIucXJHbWN0XVdfMElxcUNPY3JkXUxWbEpEXj06WjZnJCc1
dWlSX2syX0AqND00OjRYOHIsWGUoYFFDIWgzR2dLUitFaCRFIyRkc3J0RXJoJz1McWJdY147cSsl
bF9XMVgqYj9yclNsdFFKIi1BQ3MkcmxPU2ZyckFpK2ZDPicnSiZkOGByR2UuPFpdRWMpcl80M2ZH
USFgXSl1Zm4vK2VUQC9yckQhPl5cTDZwYCkkNz1CS3U/OVtCSl1rJWVdY2JyckJtXDVPc1M6THFp
WCNkIXRdUkNMPjlnKlUhUHMuJik1O1c5QzJEIV9PbD5yO1FiM2JSI11ock1tVyltNzNmOT1vaSlp
WU5QZF5RJ19eUVg3dUFmJS5hRHVQPyVDZ3JyP1U7ZkRiaEZuUTU+XDVBTDFKNU4na2VGOEk/Xz1U
OEIsS2JzYE03NmhzISgmOloqISFiaT9fKWFcSXFhXlkzZyxKRFFuPF8mXUlIJDxCJlBYJ3RtNEJP
UixlRD81clRvXHNnVDYlUHJyQjMiOWphcTklRSdyLTdqSmJiUCItbkExZkFQIiE8KzNWWU0kLFMv
RCdlPURyXVkoYE9hK1c1UTpdZGtqWClxW1ldRGBcJTtTPl9UUGc8PyEnYyIhJWZQSEoqM24/b11j
QVVJXU4iOj1PVC01Iz9lUytrRDhjMlJrNnRERF50P1JlNyJYblJvdDcqWEFdJnVXaDlYcXJyP2Re
b0RQW0xWUCI1WHJyP2RgXlJzbWs6XiEiWzcwIiQhNzAiKGdKJD4iJEVUNnV1ZlFbJXFuNmJRPWkw
ZSsyR11SI0RsUD1KNXJyPS87PmJBVTxbSnA2OFolKS1qbmsrcG01SU8+bEdmck1NSmAsPzdhJCgz
TShIUUhBVmFHZy5iRSk+I2I4P0J1cSY3bmhPVCw9PUtgOyNmLWh0T1ghIUsxbzBCLTQzakhiLUck
NFM9YkFLVTRJWEpYYDpxJDonUlBRNFFMJ0VEISEnRUhlXlQ6aUMwSit0dXJyXycvPjVPO0xkcnJD
SycvK29XI1ZzI1olQkRyQU5yckE1WGkiLF0hbixFQ1tVJ2ddazIjZFE9SEQxNENkR3Q0JE5ZaFUu
NVAzXHA1Tm8ncFlKTz5ccUVoVjhUPSNBNEZNTm9vLiVucDpdYCJrTD0uMSQ6PHAhYkdKKWY3aklx
PjhKM1xRNHBwLypZInJAYlJbWTdhNSVNcDYjOWJPR04zYF9oKz0sUTxRUUwmVi5McDlpZUVKJWE4
b0NQcixsakB0UjQhM11CNWwtZUpnNGxjUEJFLjk/YzE+aSdvajhUKnVJayNrcjgxZm5uNjEsRmE3
NTRyWzsqWTohOypZOiE7Klk6ITsqWTohOypZOiE7Klk6ITsqWTohOypZOiE7Klk6ITsqWTohOypZ
OiE7Klk6ITsqWTohOypZOiE7Klk6VEdRLlhhUDViTzYyWj9dJjdzRnQ1Kmc2TydmL0VWLVQjRihX
OCtSMltRaTlYJU5CY2NKZXBtPis+JkpvayEkN0JuTixZRWE/JStVMCEzdC1ZcnJDTENDKDItXTRi
XEFEaXI5IzgpPy4wVzVPTEBWKFpeUGQ1TURvZkM5SWtnWW01VTs1KEtuOUgyYz8jJWVWK1EzLWtN
Uix0Q2o2P3FFY3VHR3NZbUozUVtraTgocTtjMStnVjhUYDtXJ2RcPHUmcEVyT2JZUyFtP2lFOigu
dD8walJKYG5iZSVhaT0vLCwmN3JyQTQuT29CITxuLEVBODtdWWw8RExeb1wlXGVoMmw0OnU8TUM+
LCFNQz4sLmpVXz11Z10lNyZIaGNTIiErRzIjckFXRzNhRUAxVSE7bVlScl9pLlJaaTdrbl5cVmxW
WUUxLjYzW2E7YCdEQSgwW0pwNmJoMSw1bmtKRkYiV1cpc3FxLm9pJ1lOOjk1JUZLdDEyWGcuTTVQ
NWBqITdRPidyRDY7cWklUCFKT29HQ2FJIlVBXl07WWAwXyppY2JoW1paMjpLYkNlSHFpIikrc15s
SGRgT2Y2QDJzXWpRO2RcPHE8JytncSMjaUxtPD9RNicoRSpDNTcyLjMjaz4nT0Q1bGFRYExONXRT
dEMtQVIyKnEkJWteRENHNmImRyEzM2YhMERJKmVyIkUjST9ncGBCZzpsVV9wKDYkN3ImYUY6MT9x
KDdGX1E/Z2Y/TzleVC5JYktmJTlwJTc8cWk1bzJpZnRLYDsjYHJdNUV1ZDY4ITouLkZwaVtHaWhR
QywmbFUzYUpgI1AiQDIjXyNGQ2Q8O3VzNzQ/TlpFISFMWEhQT3JkRWhBdTFVSHBNcSpbIVpfb3Et
VWVhb2dxQyErOFkoOWApMiQ1LiMhJkBycjw4ZEomKkEhcC0vNzkoW1soTGUmMSRMYDZUSWc1XFYt
WmUvPVVqUlBfZG0mPilVYEooRGctVC43VFJCRVJnUHJYU0RzITBcKWtKLF1MWzNcVUZqaCxqM3E/
ZFFqaypTcF9xLTg0bFtybFRVcXFFXTcyY1RNN0I7KzUoI0hiXUBGVERsQEQ/ZU5LZEY4bDRlUTEy
UWZhbkNZbSEyTDMublY9Jm1hK19TNEVMK0FHXlklMDs5Y04mQHJLSCVScnI+UzVYVDgvTXJYTmsl
Y01tbHIzckRBZm9iYyYqb11wOiJiUUpzUHFMSlNHSzpEI29KKUhBMCZITWgyUUZiKGdyckFzJD41
aHBuITJJbTZVOCtAX0JzQUE7cWpbSS5KJi82b1opP3QicV5xXy5xIUknSk8uUiklWVBfdGlxW0k9
PFtDIUhtcjJBYmhbPiVmZUoqPVo0cTYuWjljaFItcnJqYywoK29fTkZhOFouKEZGNFN1ITQjVXRy
ckQ5ZDFdZClJcidDa2klIkhbSEhyZzdJXnJtOGY3QiM+SiEvIU8kQD9eXWsyXlJ1ckoobmBMcl5G
JEFnKmQnbzlFJCgzckozXSVqdXQ7RmhzRVouITBMdVlyckJtLT9hMC1Eck1JOlxKKUJRJnJeRiRC
JDdII0k4ZyFnYXJyRGEvTFNzTWVuU0EuKCEqRmFBL1A1c0ImOmY1STVQL3UnKCZuOicxO2orbE9f
YVdlTT8qUj9yckBqPzVATDJcM0E2OWkhO0lGP3JyQy1KcC4sI28vLGZpaG42Pmt1Q1toNT8qdExP
QnEiTWBHckxccylcRmdmXzRBZTNyYjdxNSNqXkxHJC4vO2Y5VHFbJkUuJik1IW4/OlFMclgjaywm
LHQ5OmFQWEBTbSteTCYmYDM9aT5XVT46SUBnOVlrVXA8Zz9lMnBBTT8qUl1uXD11PzxXPCUlaHNo
YCpRXyJyZU5VXTZOTC1hKGxRXF9iXStjUTopWFxFam1KJi5iLFlycXRMQyUkclohO0hAZHJyRCtg
ckdlUV41OXVzJiEvIU8kQEwuSkdqby1jW2hzRVouITBMdUZpWGNYUUxdMzxAaWtQSGtlLEtGRCg7
RiclVEZdLlhKKUpbbGZSYjRAXFVUTTohO0hAZHJyRCtgbkJea1hrUFE4TnFfYGlGKzBlViZycj9j
KktnMnB0TnBqQioiUiRyXTshSXMmMlI7Jm1II2dtZDc0NDk1O0lKRzdtY0FpJnJyPDUqcnJBOVtJ
IUdZa1o/cGBsaWgtaENWQVpDK05tOGEmOCIsVGskQkNwXm9DZjkkcmhUUG9pN2dlTVREMFoyITVm
dVshKTlqc3JAYVZSbUI7M0MhOHVUcnEqWG5ucnJEb11XZGo5TT41UFY0ITI+PyEhMj4/ISFPOzte
NiFvZz9uOE5VTFFkNVldZlZhNiEhMlU2LmxTTyNjY3JdO2NyIz9VUyElJGdlcnJFIlRwWVlnRSJh
bTNkSiZzaU1yTkdHVHJyPUU+JGlVTCpxSkRpKWQ3ImZGOSVhLkQ4NjNaTjwwXElYLEdMJltqY3Al
J0ZBTFZkVzk/KkNSL1NFMyEwOm1KcktiNFprXkZEIWZnTzMlb1kvbl5dTSY4KSpuP3RdMClrcG5k
PG1fTCE0JVRYSipEQmBHQGZcI29ULEYiY2hTNDVyckRCODZpKGYzcnJBKylyckNncmIrREE6cnJB
KylyckNncmIrRSVoLnFBTD5IXEUvMjlMMildOl1YISE6XVghITpdWCEhOl1YISE6XVghITpdWCEh
Ol1YISE6XVghITpdWCEhOl1YISE6XVghITpdWCEhOl1YISE6XVghITpdWEdMcnJDKjheXCxqZFB0
PWovcnJDKjheXCxqZFBwYGg1cHNLI1hyK2M2M1AyIyJdcV0zKTpyQGFKOmtoa3BzLmM4N0xxKDJN
JHJyQj1VPW9TS05LWEQjRHJyPStXXlJLNThtazwyaiEqbGY/cSVoP0w/XWVlLW9qWFxzKCFNKCs2
L0pcQ0osKmtcNFQ+Q3IlKVJtYlVURDZcM1Z1ZD9Hb2xTcVQ7QTFMRFdILkdpaDV0MjlgRys/O0hO
K2xuOXUsSk9vR0NjblVJWThWdUhhJlssOXNzSVtjb0ZSZjI5IXJyRCxPVWpuZmg0OSM8JmVBbSdu
VERFRi1XMW8xR0tDVjolTUM4SiFNQzhUJjZONyU7cDQoNGw0dVdFQGZRdTBMISk8MHBuY2FHa3Jy
PDVpcnJBOnJIdV0vZFlsMWQpUypiIlA4Y1htLnFjJmRRVzk8UDUrKilrSVwsUUkhUWJTOF5wI2k/
KWwrVUAjVkNWSUxyckBbbHJyQC0/ISFSVEE/aUwrMkZcaHJwYj9yZCchIz1XPFsjYVJNcWBdSls+
Ij1BPyYpJTlJVk9jXm41N0A3VGYzY25hZTU7XyVmQEstWkVmPjIpUi8wRDJdZnE7Ui4mKVMhcjBS
RWBLPXA8ZGxxLV4nKnA7TyxybzxGSXE8UDZKNDhvYF0rN1koLSUza2ZQV2dYMWw4NTNJO047dU88
ck1aSHMhaFErYyEkMnB1b3U6MjdjTW1sUz9obE5zTCZWL0g6TlR0QitHUlhpTkMzXC0vakpaXFtK
Y1ZFYSdcQ05eQy5nQ1QnNSkuNW4uSzRhV0wibkdQbjAvaVlWUUpGPENIQjZYUyVwSW5ubmpGL1Ny
MHBXKCZCMFBFXUlGR0BQdFJLK2Z1UCk5NztIMmRqY1AoMig1cmtsTS9SJU5yMERoNVtzOS9JYWgs
YDk/dCpEP0FwP2lJUmVwKC4wJyJMLV9eISJSaVsoJD5NcmQ0PFZab1RDWyhwWSUkaUotbV4hSi1t
XiFKLW1eIUotbV4hSi1tXiFKLW1eIUotbV4hSi11KmpyWDJbKSElPVc7bmMmVCJxV24uXUMiTGsi
byNMWURnXHQmO25fPSZdNDBTVCMqPDpSODsjXk5wciRcOV1vZm4tRSEqIiU1V0BCc1EmKmQqbSVD
SC04UFdvIXVyckI0VVREaz8tWUljPUREdGw2VnJfV1VwbkBTImRKKkRAMnBKIzwlNzIvUSE3Mi9R
Ii1XQlhQcSkvMFAjNm9cIkgyKW1oIStOWTlyZmZdVVhKc19KImInKm9fODUlIj9OKSZIITgrUSly
ckFsLD0zPk8ncjAsWixnSExaP25vU2ljaTJRX1ZVYmdwSVAsIVpDOFJJLlFPN1whPidjZms3MEkq
PEwtaiUncjsqaVolYTczNy9IQ0VAXlFwOVpwclliXzlmZ1g5ZiE7KyJWWk1bQXEhJDlbb3FfIUI/
ZFgzbk8hNCVIVHJyRDszWGBybWFtclo2PVBpRDAtJzRVdEFsZFBjbWwrNWRPNGxjUEJFLjk/YzE+
aSdvajhUKnVJayNrcjgxZm5uPW1jdSQ3NTRyWzsqWTohOypZOiE7Klk6ITsqWTohOypZOiE7Klk6
ITsqWTohOypZOiE7Klk6ITsqWTohOypZOiE7Klk6ITsqWTohOypZOiE7Klk6VEdRLlhhUDViTzYy
Wj9dJjdzRnQ1Kmc2TydmL0VWLVQjRihXOCtSRGFVXSpuTk47aW5FRTdSOEdpQFF1WHJyQSpnOGIm
I0Q5MkNOSCE6NFtUNVAyWm5ETHFmZipnUVpYTXVOZCVCRFYoWUolM251P11mZXAuLmREPFIuZUNt
Sz1zY1E6aEVnXl1iTVBaPWIuaD1sOlInSG9NQi5LUUBIYGEmSW5hPydnTSNlUkshOF1VcCY2I21l
blstMV1AakpRWlR0VlUtNUYnSiFAQTtCRHBfYUlkdDhTITppb2A1S3MtLSpFVy9VKi1cSktvXDlb
SzcyPkojakMoSWs6XVghITpeP1FGcnI8NWlyckE6ckh1XS9kWWwxZClTKmIiUCRNc2Mmclg3S1wh
JUUwZmo4VCpmcWQ5OlxnPU9DWyEpWXNxLlFSUyxLRGw+KHJyQTp0ciVBIUxYdWBLW1MpcGo9SyJt
VTlwYnJvX2hzYV5uTDFDNE1sQ1tva1FHOUVBISU9UyEhJT1TISE7cWNUIS8mJzU1T2NfbiEiMHRN
ITFwcTtqU281LiQqM21yWU5RWiElZ04lNlA9PjdCcnI/VVM/aTsrNV5SciJ0Y2lmUzE3MCQ8OnJy
RCpyRVc2I0RBWnRJXHArdV5LUDxlbkVycj9VJDdmTko7SHJeKVVDKjMhKUVXNiNEQVp0SVhwLDJq
TVA9Rz1TcnI/VSg3SzNBOSNcWD4kNVBSODBAMVc4SyNLSHJHSE1FT2ZPOGYyMCZRZVFBP2UrV0Mo
SkVbbVY+RVQvXygqL1BwYGksMHFiRW8jVExaK2U3MW5fLFonbTI8cnJBLlRQLyE1MEIpVTZbOGBZ
NkpJUmgoQzcwI2g/KmRAJCJZTDlXLWUsQmkjck5qN05tdCJkWnBePGRDLE9ib0BAR3BNV2YxRkgh
KkNfUWhqSF8zZyZPa2ktO1lwaCFmcjQzajU/OS0yIS8lZXJEYyVoZF8hZCJicFpESlVyckEpL0or
NDxzbUo2Yl42cT8zW3JWPTUuITk6S186WnFVUGtQSidcbEpNTS5fdSJiMGQxNXFdcnJATU9yckRp
XSs3VS1obUpIbmA2bXByO3JWRjsvITk6S184YSN0TVBRQ1djcnI8WE5ybmAuczY5WjM4aGklTDdy
XT0hVyE1ciwsXCoqXSRtdEtabyJiNk9QYSh0N0xjaD0qPyI4LExqITVbSWohNFVgaElLdDZQcnJC
ZU1yckR0P15JaiI2Sz42blUwOSphOTwzTSRgJjNPSW1ZSkMsV2Q0Uk8tWU0uWjRgU285KVFSI0pf
cTdqVDZDXGBGT1s9N2BJITVZNFVubytPLilGKlMzZGYwPT5QKDVjLkNbcDxdJElBX1AjNyNfLl5U
XSpRYk1uJClKKVJsUjAqNW5iOjV1LGJwR1NJcFtoW05LSidyMV1rcypcPzNaQHNRWU4+NlAlVEVC
LVBlUiZfcnJCOGVLRHRxS3BvIjtLcnJEJTIwQUV1OExlIz85cXQjPTshNjhoXXBrdCgoa1BrT1Yi
N1hNNXI4N01Tbl8zbzVVWC9ZOF8jN0w7IS9TLyJEYTQoQSp0LGpQYzJSZUQhJC8hYnJyQFxdXk1o
PkdhVSVaSXJyQExkcnJEaV1JVD80Q2VLJjwubEcqNmNgVlkpYCE3Oz5QPlE0XFBEdVRoNG01K19j
aVZnTVVrX0ZPPHJyQmhicnJFJFs/XjVfMCNPOSklN0RKX0pyckNGVXBnYT0oSVA6XiRxIUU/Vm0+
XyxHIzlFZnRobVIxYW1CP043Klw2XzVKb2hHSGA6M19wPTFscDNtXzctcllGR05scFRpRTZgPXI7
dCpxV0VzKjw4VCxlPE0jZ1xWbmU4XyNDMUZpN2ovXVhUJjpZTy5RZDFJXjRyLjt1WmlNJCozS29x
NyQ+MCQxUFAjaTdJbD8oWjlkbjIqNCpCR28rQmEpazQ/LXI6UlVZbTNobzY3Yj8nZ1RFUSQsNVFx
aiE1UmlkUnE/bS5icnJAXChyckQtPUhpYTZJQFs2XWVQWC9aWUVWMk9eP111VCRFLDdjL0osQj0y
M2Q9RXBKKW5OX25zakZvISRxNSlwOm1CQ3IxK2ZccGFVZFglLzpIbS4nTEtnYTgvLTIkQkJTYyxv
Ii51OCEzNzxHb2xXKSEpb2ldalxxZVojKTZLQl5aM2hwTFs7ZVUhJTEvJ2NpMic+TCZWLkxwOWc3
SFlQQGNKVVxjYSstaGE4L0FqPlJUa1s0MG5DTC1hW3FxV0xaR2RtWj9mWUA6VHJyPTs/R2RtXFFP
KkxbKWdgT1wyOVhrJCVPKkxbKWdgT1wyP2RdPGxyMERcYCdOJU9pNzIvUSE3Mi9RITcyL1EhNzIv
USE3Mi9RITcyL1EhNzIvUSE3Mi9RITcyL1EhNzIvUSE3Mi9RITcyL1EhNzIvUSE3Mi9RITcyL1Eh
OztNNlBhLyRLQ2MrZk44OztNNlBhLyRLQ2MrZk1rWXUoNUNyNTNua3JyQTUsaiQzRFtvb0smMjky
M2J0ajNqLk8taUI6Jik/MF1oaU1xQ2xJJ2dIaXItREg5REQxdElUQmozWXJvSFl0SVJYKm5PJEQ/
VWp1cjktUCwhWkM4UWhJRTwwXEk8KTNUOkVlOVYmRCpDaUA6VjtMY1tsWm5pUydbUV85ZHNtVWlx
S1VnJGRfQEw5ITh1XF5NN3RFNU84M1hpcnI9S2BvXlRMJ1YxLnNPKzdgMyo1S3JSO15aPVppXWpe
cEBWVmpMbS4nS1I2Kzo5TmtKLW1eIUozVDd0ITtKM2NyMiZsQkxdKiIxSitWVzQ/UW4lUVRDPzEv
XlowNykqJ2BkUUNdPUMzcWNgZG9KLW1bazc3VFRiRjhsNlZcMCg6LmNcP3JCX2M2WDlkc1NTJTo9
bydHcnI8OF9jMlJiX0piV1RFcTtcSylsK1VAI1dALmJATUM4SiFNQzhTdCs4dWNPcnJBNlZwZVVu
aUFLa0xbK0k5ZDddKURSLCEvJjA5byJTYTNLUSl0TyEiYzxFcnJDXDg+NWokTHJyP2Q2WXNoMUdx
Yl1Ubm9hZ2llXEdsUTMxPXU1PHFcTTJccV1MODpyckI/UVVPVk0yPFckQjVyckMpbXJyRGAzPjVs
ZUghK1JcWDFgcUdPITs5MzFEdUNmOUozPVxGOlUvR2RCJSZWLixJaT9iLCpLbm04TCk5KmNHLE0x
cGFcI2ExI2FrXS1gP0BGaWtMJUM9XDBdaW1dUnFmXUVyZVByTU4vclMrZ0ZsZm1gV0pxZGotZDlt
ak1PISFQUmQhLm5JJyRpXjNZVFI3RDsmLG1rJnAuKCFeRT9zQktuV2ZWaV0kZmIlYVFgVFNBLHBu
O3BSaSZYV2YkT0hnVDE7W15cXzViXyojQVNFVCRpc2csJV1RYypqOC1IJFZdNTIhQU07OChCaWlR
LV1IWFFoUm9HcmRWPFUnTkJPMlsxaVdmJ04rJmo8YVpWQElYZWFISiRpcW5NTj8qV1U1QXIySWIi
Pklycjw3RkomcWZmZkRiaFxdbmNUTT01XW5RWDdyQ2clLVJXak9xNylocmw5P3JyP1wqSWZvI2M3
cnJEIT0uRE9uXjU4IjUiNjFjOHQyb1QuUjc9UXJpITpZI3FyMidrXTpdNWpPKzhuLjs1VF42WTc3
VFRVSDJjPjlUQyMmXSEpWlZAa1BKJ1pPJEQ/VU8zZE5vSjBea2FVNDxVSVlQbmducnI8MmluT05L
a0Y4IWkpXilZK2diUHFQSj9cYFEvZXBcYixodCMmUyNjN1AkTydoYkxGb0pIQHJtaj0zJ0M1Vyg5
RGAlRl8rMi5MRGwqQEpuLS4oJ0wmQ3JOcG1fMUlmJjtvWCwvdTs0bGktcjxFclEtZy4nKjJXcnJA
WHByckJrdHJXUmVmMm5zIyY1RCE1SS8uQWwtYkI7Zl8mYCg1K2YhZy5jQmhqLGs+XltlOSVyYCYr
Wio7XkxXcyRsO0AjRWVLR2ReJFQ/aDJLKUorXWdmLiVnWCEuJWdYIS4lZ2RiZUdUUSI5YEcrL187
RmZqNDk+SF5AXCpOIXJmZl1VWE82XSo2IW9oKm44TiU8UV8wJzUhOzdyI0oqQj85bnNqRm8hJHE1
KXA6bUJDcjEsQWxwYVVkWFtYTlxUUG9VVjc5JWEuRDg2M1puPC05S0AsR1dUWVU0MVc1ISMmKCxs
OlIoY2UvXHA8MD5zTEpDS0w0NU1wRDoiXik8Uj5XNEVmRVFlTCJMTSpLTUBuKklHOnJyQGVOcGc9
JSRBSltdNSE3TGFKbiZySyZrb1ZGcFRDTz5KcnJDWk5UOTkoMT5RNF1EXVJUPltqXE1hWHJyQypQ
Siptai86VHMhZFoyUkJaX01UYj0rSk9gQSEyPj8hITI+PyEhMj4/ISEyPj8hITI+PyEhMj4/ISEy
Pj8hITI+PyEhMj4/ISEyPj8hITI+PyEhMj4/ISEyPj8hITI+PyEhMyM+YyE5O0w3cVc/XFhVbzxf
XSE5O0w3cVc/XFhQTHVnXUJgO0g+Mj8qWnVDW24lcU5WXyEjUWNpKEw1TkMxaHBzZzFHblskNVw1
UCRyJTVQZV89Nl9KcUxWMTFEX3JyQ21ucmpoKTNuaCRSIV5FVkozVy5WYnQ9Iyc+WE9FW2FqP0RO
NGUjJTlxNnA4SToyLGJnKVZkNkRAU2NkSyNsMmcubT5uT2FESUQpXzhgP2AvbjFJNE9tY3JYSVA9
KU1jOjFycj5kI082JXNCVFhSNVpZTU02K3JebEJGcTQ2UXRyMS1OKlg/WkA0Iz5tbylvYHNPWTcy
L1EhNzIvUSdqXUNpZ3JyPDhCcF9XWVZyTiFTRHFicTdFW0thOyRxayJiazEjPktzZzM/WEtMb2xK
Zi4nT3NQTzg3bUQ9b1NJNURMPTU+ITJLL1UwRSlQIV5caThpQyssX2NgQlgtTURySmI4Ky9hb1pu
OzRSUSE5Okk3cidAYVtaaTYjcGAxUWZtZ0FfMENnQVJ0RUozUF5lIThzSlZuODFbRzVAQDpAX28m
K1M6NllRV2xeZkI0bkREcklYV0kpT0VFYnBkUmhxP04wTTYtUiFmQUIrVTVDPyFVNUM/JGo8Ky5J
SixCcUs3L203PVhhRGhsVm8oKjVqJGldb2lwYUNpLURxPT9WTjJKXl0oNygiR3NrOkoiOS9BKT9P
QjclISFbPWczP1JqQT82TU8vIlBXa1VuXzNyQFU0PkhDcnJEJGZZRDVAN0lHUStIITVeKTdyckEp
LHJyPFVJSG50XiVVW0lZInJYaCcnci0jaGkuJWgqaUR0bnMraUVYYU8iVEpKMkRpJF0qKF06VC45
cz1RcypPIilwIS51QChtQ2o2XS1MZWRlXDkxcS07bztjSlZOZEYxYE5cLnJSTWImVSNqcVZvXHVJ
LllVNUM/JCNLUWlFJW0wbV86VnNTaSI4SkFEbTRWaG9EclU/VjFuQUMoNC5CQiROLGlHSXI6cDVj
XlltXWNwYS81RmJQUjk/aVUyY2RJdGZvUU4vN0JQWEkzbVBjWzBINC1tLzAoYEYjRko6Xj8hP1lR
IlMsRGcyQk89UmJlSGwvRHVOblhoSCZfKUFVQHE+JUUsKzdObiJLZzRcNm1IXmhRITkiLyFycj0/
SG1BMUt0cG5SaWgmOSU9Y3JmPWcjcnJCbmMrOSJEbnInQTBXKzhTMjQmViZhUSYsdVZOWU0vN2ki
N10lYCtRKVoxcj8jcGpyckBeTys4Z0dbcnJAajZIa0hBWTgpTE0iaT1jYiUhJDg+dSlDUF5YPzgp
KDBGNWI0PyExV1pPLWlPXTleXGk4OXBrKllIY15DRiNEZE8tLGk9ZyMsITY4bUtVNUFzSz5RNFxa
Mlo9R0BkSXFnU3JyPD5qP2lFLG9FZHRuTTVOJWBzKSNqU2Y6XFlJPypYMiZyYGRMWSZDI1tyWGdK
RjQpO1VRX3MyVnFEPj0tYHRwQ1s7QlYhM2FWXXBhQ3BxKWglNVUhPCo8N3FjN000ITQ9X3NxY0BS
KShxZUhQbTM9WWxUOCk9OU5aaTZVUFdzRkVeWEJray4laCppXlxFRzppS3NLYkRpJF5KTHBkNl9q
MFsvLUs3aS4ncj8jczY1T2FOO3JyRCllcWJLV1xJT1k5c2AjRi4qcnJBaGRuSF0lKjJTXTA1ViNM
Rk4yWj1dciE3Q1VlTF03PltScFouVj9hVVNFI05FTXI2K1FMLnJmPkNEXlxDMyNyckRUQ0xdL0ZT
bi41ST5MUFdfN00yMioyTyZ0XmsnRVMhLHJyPFVJcF1MTVZlJjNAJzcsJVlAbl8wLUpwYlJpZWQs
b2k0XT5QZmQ3LCVZQG5fM3I/VTQ+SEdGRlgnQVpmJW9cXT5TJ2JtdS1WL3JyQVdLXihkdTFxOShA
PDBEZFBUXzZvcCk5Q0xRbztSWioyXiRycD1wbFZVXU5TZVVKS3JUUXVnZSVNRz9FZjZaNVBFWWcv
K2E9LyE2T2BmTEhJTlJoJCtBdHBjbFspSDpGPDwlYS5SLV9VXl0/TUVIQzMzOSctUD4pRl4uVTVD
PyFVNUM/IVU1Qz8iWjFVPUk/XiUsT0UtTTVIOlBcck1wKywkTWtzUTlfYHVlN1AoJjlUYSEhYF9R
cnI8bDghNUsuWVlDdUEqcl8sVWIuRTgiTjpLMFBvcUUwOExkX2MiYUp1QVUwY1tkTTg0bThqcW48
TDlYT0tGPyZVOCs/ZzBGQFZVSitDYT5QKChtXT9FO1Y1cWMlWTFUXW9bSnJbJVJFTykhNURRQEl1
W3JZTCg7N2FTcEJePUtVJjlFK3U1ZVomRXNyckMwaXIlbj9RWkFZRStsJF1bW0gkQi85MDJwdFdZ
UHByQl5cW1YlbmlzJFZKLCZjIXJQQUUyb1pNYVpwUSw5aHIyS0FmKHEpWk49MUQqcidaOlxfNzAi
JCE3MCIkITcwIiQhNzAiJCE3MCIkITcwIiQhNzAiJCE3MCIkITcwIiQhNzAiJCE3MCIkITcwIiQh
NzAiJCE3MCIkITcwIiZDaHUlZG5ycj88WXEsRVYiaHUlZG5ycj88WXEsMlBTJXVoW1REb1VKRmlx
TjYjSigzX2FKKkQ/Zz0lPDJpTyd0aVplYyxVcVgyXVlfMnNXXik/UytSPUomZWRzazFqVkhiT24q
T0NrNWVAVSQwNjk2Qj1AYlg0M0VZSFxJTUZnOG1Uc1pnLFQnbTZSLkxJYW9HUTpddWwoVTQxVGg9
YjZFUnJyPDhnSiNyRklycj8+SGNpIlMpSVttVEtvQkJWTF5bUS1Nci1XbGpyckI0dUR0OTQvOjcm
MEdyMl1SUCYsdVdtSEJKMj5xIj1YZS1XYCJwTF0zY25sNnJDQFRfczBjVTVBc0BURDBmPk03YzQ2
Xlh1b1IrLGclT1heKCxFU3NBZmM/RyJaRClbWDBmRDVOPzVAaGMyaDdoUGstNUwrYkRSIislalRD
PltWVSZGdWttRDg8b3JyPEdNcnJFJFs/ZSJpSidZIic9ZkNAMmRhWmRFPCEyZlJtcSIwQD87TEtx
cWctPVFXKzdOKiZxRTskPnJyRGgjP2lMLHJnNWw0UzFdKVkkITdDLlw7Wj9hNm8pQV5pITA1Wmk6
WUxbK3A6cEJKI1EsOExyZjpqU15dIyU5cnJEdD9SSyE2dCdFLFpGITlqLD8udD9OJ0osXU1oQ1c1
Ujc1TUNXTlBQdVVOcWdKSkVkSGw2XXJyQnEscnJFJyFObVtrLCVoL0VOcnJEOVZJT2ZwLEglNWhv
YShyWmxycj9kcnJyP2ZYJXF0dENMUGMjZkorUygwJ3UwN05eXSs7b1siJCE1XllrY1dvUiVfcV5b
U3FPcnJEKWVpcjRHODhPKz9FI1EsOU9yWCZsQDpZVE9BXCxJMjFyckR0P00+bVM2VUwzTGU0NCFV
IiE0TDRtP2kyUTFyckRpXUdlRmRsbSNfNUlfKnBTLGFGRF1nZ0hRQyVuQFpPOSE5OkhkITtMZmJt
SkhuYDgkVlNXcnI8R01yckUkWz83Ryg3PDFcVEkhLi1zLjRHM1Y/JDMndXFbSUlXKCEiNyFNITws
Jk1yJmVXY3JWbGttZl9EVEshLzlQNyE8MyQ+WThGIWE0Z1ksLzYycG9nIXJpN3FnJV8/QiEvN1FU
ITwzJD5XcTFfVjdfYGxgXlpQNj0uL3M7K0glNWhvYShyWlhURllUNSEvSEYxaGdiOUYqdTJRW11Z
RklIajBeOTQ0RzNWPyQzJ3VxX3NwdDIhIjchTSE8LCZkMDE+a2Y4LFBKKnBBPWppVVk1RkVyckBj
N3JyRSchKk46NF4hLnAyWmhpUkwvW1hLYFZpSF1xUSE2OGxva2ImSCFyckBoOUomK0U4a2s7X0By
ckQjJ0osXU1oQzEkYV1CRGBHa3JmO11rXCxJMjFyckR0P11NPjVwJXI7MUZMUWhgPF8qXkhOcGNe
M1hpSF1xUSE2OGVdcnJAWTdKJitJR3JyQVBIcG9YUHJMI3I9N3JyPShDJztDIj9VQFw/azYycG9n
IWtlTzU/aStlaTxyVzA6bylBXmkhMDVRSnJyQmwoNUIiVjVtUVlRXE1TSnBtP2lMLHJnQDthJiI1
Pychajwqa2Y6XG02c01WbjI4P2lMLHJnNWw0UzNXQidfIlRKSXNnJV9dTCEvOVA3ITwzJD5ZOGQq
M1cxWFo3cnJAaDdKJitFOGtrOUhVSilQWyZyckMpUzVQVEpxbUokVlw4JFZTZ3JyPEdNcnJFJFs/
OGs6UUhVSnRGO0JQWl4qJ0hOJ1Q4TVAkPkA3QzFuXytOTydQbVtUIzwyUztjYydpIzAvKj4qcSFF
PT4nRVJTQ25GPWoiLW4iczdjYydpIzAvKj4qcSFDWlEhIlUiSiEub2ZQZEk7TmFyckJxMHJyRSch
Tm45Mzo1VFw4TyEiVUlXIS5vclRkSTtOYXJyQnEscnJFJyFObWc1T2o8KmtmV09pKWEqdTA6cF1Z
RklIajBkbj06Xj1AV19vUj5jVGpSRz4qdTJRW10+K0BHajBeOTQ0SjJUWydFOCYmX3NwaC4hIjNT
R3JdPUY2NzAlW2lyJmhJZiQ3NV1QOCdnXixycjxGQnJyRSRbOCxQS1VyWCduTSEoWTwoPlE0WzJD
VG1fIT82QUEtPDBSRk5UQ0RFJHBhQXI6KnRRPXRyJTUoZHEhQ1RPISJVN1EhLm9vU2RJO05hcnJC
cShyckUnIU5uOTNicm1gImhIVVFjXDtLKT1ZPGNlOUAlRGhSPXJyPEZCcnJFJFs7OGBENiJYKmdG
SnFaU2tWdFQnRFg4YDBSam81PlwhJC82WlU0PkQ0RHRrYm9yIkxbXE8rWkgkcllMcSQhO3EjVFYj
TEdpK1U9KStJSVRpLCQhSGJxaVdtRjUpc1o5KWYvNScvcTYwSilEWHBHWVgwX05zVHBdR1hQJlon
SiROPGpkamZPIzRKKy5AVSE7clBSaTdJcFtGViJGMz8uT09TWCRtXyEhQ1tdISIoVVZGSyJpVHJp
OEU3PXJMblQ9SipLcUdyckNLJy8rcCYvVnMjWiU/aUNOSVFaJ3E1ISJccGpZSjlfKCRNZEZScnJB
NC5VJi8zRWo4TWY2KF01IjRvUy5gJCNDN2paNDRLUGo5JWEuRDg2M1pOPC0uYzNyO1FiM0FxYywm
SWFvR1EhLiJSbyo7dWgxSzBwYSFeW15ccFQ8ZWUjU0dyVCw1UGxrPys5JVZcZW1GPExqNClXWiE4
M0c0OjdMND9yS0wiYXJyPmZbW0haZjFuJ28kSFJIIS0iJyZyb2tsZFBjbWwwQDEqNGxjUEJFLjk/
YzE+aSdvajhUKnVJayNrcjdQMFxsOGFbOWk3NTRyWzsqWTohOypZOiE7Klk6ITsqWTohOypZOiE7
Klk6ITsqWTohOypZOiE7Klk6ITsqWTohOypZOiE7Klk6ITsqWTohOypZOiE7Klk6VEdRLlhhUDVi
TzYyWj9dJjdzRnQ1Kmc2TydmL0VWLVQjRihXOCtSMltZUHEwWk5CY2NKZU5gXWIvUV5FOWo0RWUk
cnI8cyVqTD1wPXJsN2BHcnI+XlJXWiQqWkhOIlpXZ1BjKDNHXD9tP08/O0I2cUNmcHI3Mi9mWG9F
OkYqN24hVm1TcSIuTVdjX2QlcV1cV1ttODs3cUM8WGN0MSZoNitGOGw3I29BXCpwRk9FRElrLmFc
bllOPlxfbyludCRkSmozLVQ4TVAhaGJGKUpmQk4vKXJyPjZKcW84c0EhNklBcHJyPWpmSE4qdS9Y
LWliJHJyPmQvRlZJXFs6anRZRDsrMUowR1BpMChyX18jM2UsSUhJXl0rOzJxLm9jdEwyPWdMSXFS
WkdwVkVhKlUtRTl0KlctK3NgI21aQmBuaDZVMWYqTC1KNG9UNUZfckJmRGpHWDMqYlMrQ0pjPl8r
Ml84QnUmOldNXGh0VEsrcnJDLz8hVmgwLXFjJiNvWz03I1hycjw3QGdSYiVIamsnSkM7MUouOjBE
bixII1E1YitjaSttSV5cS0AwNTdkXGwhLD1YciEsREpLcnJAajVtIW43ISEsb1hBSzhdYTBQLF1F
IiE4dSxbMy9ANSpTLFYuOiQ6Ik1eVEZcdDo1TUQvX2c6cU9hcnJAWzE9Lz5pclwob205NWZgbSlh
XSpjLilVTnVdcm5XKF8iVy4xPSx1PWorLV9LY3JUQyQhcHJyRFFuYEswcz5oOk1XOzsxSi46MV1B
TktyckIrdFFpQCRwbHNLW1U1VGJmMkokaGwycWNFMT81T2A6IVNqMjhxcEFETiUhNV0ncnJecy8+
aVhPLV9yZj9YSXJyPDxhXlxLQDA1N1tWayEsPVhyISxESklyckBqNS86Wm1fbV9BN0NNdU5kP1c7
Y2pSMkNzQEFycElQakpyQlgvUCxKS1EiNC1cOWNoPVF0Jiw6ZCNnXSE5JW4sRUBuLik1Ui1VQWs0
TDJIVG09bm8rRktBLGNQaVdXO3Jib0RQVmtnVjxOOUhpQzU6P2kyJUFyckQsW1BQdV1WXCxRSCdy
T2AoMF8/TjcoOHRaXjUlbVNkRG9EUGBgbiw9SF1ZVE4tcERwLD9eK0pTbDlqSm46PytQN2UuSXM1
OHA1dDFlUmFdJjw5T2x1VT1rUEo/SyNRLW0kQEstPHRxMDJpPUtHN2VrUHQxYTxdal5wQDgsN0Iv
IS8pJW5yMDlNaExdMmUyOCpCYk5tTy5vdV1qXnBAOCw3Qi8hLyklbnIwOXRVIS9OUSJKKj9uNERu
a2RvTXVOZD9WdXVQZGNoPT4jcnI/ZzRdYC50ZjJmNj1ucnBLZGRuOkhTdSEwWDtcIS9OUWJKKj9u
NERTUFttTXVOZD9WdXVRIk1aKDNmIS9OUk5eWmJbYnJyRFA/TXVOZD9XO2NqUjJmNj1ucnBLZGRu
OkhTdSEwWDhfbklDSFRfI0ZDajJsbzctcnI9XE8hOllTdXJyQTReNVBUa1NnXSE5JW4sRUBuLik1
Ui1KM09WQ3JyP2RycnI/ZzRfI0ZDajJsbzctcnI9XE8hOllTdXJyQTRccnJAajYxcD9hP2JPPj9P
aXI5Iz5XVztyXW9EUFdack4jWWByWkwiJHJyQWhtXSlNY0kkODtCTlVdKUNsW2Y2PyZxbilrLl8/
cXNxOHRaXjU1PG1rXzVNRWtqNU4zLixEdSldMV5cZjRLcnJELFs6XF1RXyYsSkxwWVBdTjtyckQs
WyE7bzZaXk1hJk9pWE5zbmtsI0Q2bjpIU3UhMFg/aHBrKm4xcmY/WD1ycjw8UV5cS0AwNTdjdUxy
TiNZcHJaTCglcnJBaGxdRGhsSiQ4O0JOVztja1clR1BndDVKK10uK0pTbDlqSmk0WDZoQzhWOSla
OiIhL05STl5aYlticnJEUD9NdU5kP1dfYERCSEdmYENvJ2NTWSNVbUlgLlknX3BsOUBNZV5NYz9y
JUdQZ3Q1SitdLitKU2w5akpuRkMrUGE3JSEyS00scnJCbkMwRStTOiYmXDVvcEIxQztoUVsiW1Vc
cWIoITVdJ3JyXnJzYitQYkRba2wxVzleW1FsNnJyQTRcIjdZYG5Xa1w8ZkdRKEcrbjhKPEJcdTVP
dURYNjhCcGsqbjFyZj9YPXJyPDxRXlxLQG87YTkzMl5UbmFVSz4xcGIjUURqdGoxMmZyU2VIXzw1
T0dHV25TRSlqZ1IyWzkwUjNUdD5FP1hPNGkzKClURTohIVRFYEhkcjw3WEJyckJtT2hzdF9OJix1
WHI7U04vMmRZS0ZIV11tP0UvK1FkQCVNJkw9UENgTFlycj9NbnBccENDP1JOamNua1c0TENcZy9D
YWpTJyshLnEtSlJxS1AvOWY1RjBJTUI0VGRNOSMsck1ob0FYM11MZlZtQmYjJ2RYJztGXkQuTEgy
Q0U8L14xc0JyckMqSUNqc1EoSmJyQW4xSShQMEY+KlNHW0IraWpyckMqSURMVGIuITprOD4kaV40
blU/R3RcP1lgcyNHUGg9YGp1Ql5INytmOU5vaGJYWEQ+c1VyaEVVYD5udSdxZ3JyRCo5NVBHRVJW
cTpRdWZgKHBzP0siPGU7XDJlcCdFRCEhJ0VEISEnRUQhISdFRCEhJ0VEISEnRUQhISdFRCEhJ0VE
ISEnRUQhISdFRCEhJ0VEISEnRUQhISdFRCEhJ0VEISEnRUQqVkorO2JWckd1bz07SC5qaW5gX18q
RilVLzNscjYvKklrXFZVXlo7aXVjaTF0JUJFJXMpamV0JClxIj1QN2EyWT1ZL1JDNzUhM3M6QXJy
Q0xDQzhSIWohJDkibFJyUChoMEBeIiU/MUpPJSgvWFgxT15iLF1yYFtdU2ExYDk3N2dGQCdLLy0l
SVU0PU1gTUNVQUY5N1BtVT1OXVAhPHJXMCZnLyU6Kl5KSi4tcUgpZWFyIzthajBFKkZncm5gZTsh
NE9pXkliYjdXXk5lXUpxJ1ctYGsjW1VObm9aXGRZbD1eUEUjaEBdPTRBPVIiVmFnISplNCZgSHQn
YmVURG5uJ21pVklNZSROZl0pa1JAWzQmYV9oZSJyXFpOcDk4QT1fQDY7X3BeZU0vK0k0KXBjTGUk
LWlGbzFMLUgxYmgjQEJFUmYuTzMhLnBNZGF1ayw1cnJDXyFmRGJqQ2hfZm0obkdgS2c6U2UmP2JL
S25jI0RJUD8rNm4+YlQqXy1uTiVUVlRicj5WSCVKXT5qIShMOFBuLCtaPF5cSD8uMjpSKSlbL2Jb
I2BXI29DTSM7ITRyXzAqKHJyRGdvPyU7Q0U1TjRCcyEwJzU4QUghREYhNWNKNXJyQSRbaiE+YXJb
L2JbIkomR2YnKVNiTFhyJTdwS0tpUWIpISNoWDMsOCdfJHJyPk1haUlDYlVtX0FQSUlQXUE6KzEh
J1oobWk4cnFEKk8sSilPQ0tyckMnPTVQVTE1aixhLVYyaFxzOFdrLzMxaiZQbSs3MCVlXXJyQnVH
cnI8c2VrZk5gVXJyQGIkY2kzdGBVXSlKS3BzXTZDN1NodW1yJSUyYnBzamdNSDJjO2kjT0opXDdP
LkgscmYhVmhKLCEsT0orOHQ3cGwlYCdRaS5kbEtZUiNcXGMyWmkyPkdLZCEuTi5BYCshJ25eWmBm
Oy0zIXQhPFI6W0YpUGQ5ViUvQWxfIShLY0MwRG08Jl5cSD8uMVhyIkdbL2JadUomR2QxKi5SMXFd
SSFSWEtpUWIpISNoZDghNXI9RyEjZ0BOYW8hZ2whLzVqSXJyPHRAYGZFQDxVXCJHXyI4NjcoLDgn
XyRycj5NYWlJQ2JVbV9BUEk1UTJsPHBzXTZDN1NodW1yJSUyYnBzamdLSDJjPD1ybVV1RzJ1YGpp
TFx0bGQhMkNxMl5dInVCNVEjOFdwbCVHdDpdMi5xTCZWL0JZSVhaNWomUGxyNzAlZVxKJkdlXCo1
Q15bND0xIi1LbltrUSEjX143ITVyPUchI2dATmFvIWdsIS81aklycjx0QGBfJkFuISw7TjRTR3JT
RmAnLHIrZD9TcmBycjxFJ1REZ1c8cnI8WGRyK1owMlVGNVFHclk+L2xyK2B0YjRUPkNyTzNkTm0m
KSJfbU4nSD51cj5AaFJyckRQbFxjMlppPEBAXTYoJUlYaU4yc2k8cGZMZiQhOmNOVUFGb2J1VEZd
XyRKKUtoIk5aYGY2cCpvTCFxWTdxanJyQSRXNU40QlNObzBKP2hAZmhnX1EpciUhMCgoP0oiUSpz
IS5NdWchNXI+MiouUihibHF1XnByJG5rYXBzaHQ5ISJrImFDJlwxLi1oK25NKCYncmpDOzFaOFRG
XV8jXlluVXJOQDReQVVWZCQycGZMZ09uWiNza04lYTNtcj5BK1pyckRQbV0pTWNqPFZYbydxYmNQ
UjpeP0AtcidoTG1iUG1IcV9JKig8PmxPZm9XZlItKCcpOmVtIShMLE0rOGRVK15cSD8uMj5SNyRI
MmM6b3FeTU9GJlckQChyckFmSG48YStoPSd0bD9POCtZbWosYS1WR0QqYSNXay8zMWomUG0ja1BK
NU1KJGY5KmJQcVJcQD1LM3EhOWhRZi1pWDEjPFMuNk4pUSFINkxyMkQ2SidqTCo/aUwqNVgwO0xb
P109WSpUQyJsY1pDZ1koP2NLO0cxNjJoQyE5JUAvcnJDJztyckBrbHJcXTJRUF4kUjghIjAxPHJc
XCZCSVhlYT4hVys+RyEianA0RTtvcDUuZScpMCgpSzQ1QXUjQStMcjJEOXJyQ0gxcGUxVmUkRUxC
MDIuKUA4Ol4/P2JyJ2hMbWJQbUhxX0kqKDw+bE9mb1dmUi0oJS9BbF8hKEtjQzBEbTwmXlxIPy4y
OjRaMlpDZ1koTzJpcE0xNjJga2lGLWctITYvZ0lmRFopbXFjYDpCW25sP2xpJzVyMT8xPCFHTFtQ
KE9WYjsoaE0ucT4xTG9qP1A7VDRcUV5cWHUwNEslUlJlWHVhWWtQa04xR1BFUWMhKzc+R3JBXCha
I01ISV03MCIkITcwIzUwVnMjWiVBLFpyTXJyQTVUaSIsXSFuJVxMaCRONFV1V1ZRdSJPVCw8NUtk
T2stIVQ0IlkhKWZCXnJmZl1VLkU4Ik46SzBQb3FFMDhMZERHbmBKdUFVMGNbZEw+Y2g9KkokIVNN
OS5iSDVhPUsoSlEmXmEjXSEqKz9NNUFJQWZUcE9iR3EiQ2hOZmt0XlVwOC5PciYsZDI6JGleMyJt
OyFmXl5bXlxwKzB0bkhyMStBOTVQbGs/KF1LY1RmNjFJIXJyPlVjPzdsMFdPWS88ZF1nJ1U7VDVG
VC5qNSojcCNQK2VBL2NQaDJoRVVgPm51KCszTVYucS8sYkVzYCdONVE/NzIsYCE3MixgITcyLGAh
NzIsYCE3MixgITcyLGAhNzIsYCE3MixgITcyLGAhNzIsYCE3MixgITcyLGAhNzIsYCE3MixgITcy
LGAkR0NUL0kwRSNzMWpcZiclSis7YlZyR3VvPThhS0Q/MWsuNUUpdWZwIVwrbmtbYSdFP1ghKSlG
UilMKSsqclk5TTc6XS1POSl1Zm9qbGBDKmRsJFRtNzpCKDxUP2MnUklFTSlcUWVHZk1TXDo9S0hG
P0xIJD1mRWwzT3I6PGZxPmRLQ1dAMFAuNDRLS2w1UjNHPzc3Z0EmZzRNM1JeXSJcbk4hbk8jRXIr
JVhycj1LYG9fbD8zVjEpZyVfN0onXF5BK1drZ1g4PVtrLmFeSFRfX2FYUzAuYjIsa1dEW2NMTDYi
OjhVLCgrOFRqV1cxbzFHS0NUIzpNQzhTSV5NZ2pscG51MElZaWoiOkxdLk0pRERiXjg+NTJhND1f
UllTVSZGKXRlQ0c4USdRTyM1SXAyaFg1TjBsJW41WF5CTikwPFNIcGRvNl8vKktWRy8oLF5MZCIm
bVFib3AtQ0VGNDtIYGIyX2teIWAwMlBJMjoxRThvJUQlcFNiLTJbYkhST25JPWk0PUYtOFBALVBs
W1JaXV84I110QmsuL0NnL0orTmpBI1hTIkVYU0NKdUYxSEttWjtnITVVZClyLSJqKXJXcV1lISFR
SSghMkJuck9vR0U1R2VhJUBJbjAqW18vbUJMUEFwI0BETj1wTWkqPSVwQzYvLj1MXHFjcHJmPFxm
XlxAUzNyXFpxX2MvXytZOCJdUStLW1RsI2Fhc0BccnJCa3Q/aTUpQ1MsTl1KcnI8NChLRG9bO2lb
PV41QGZIR2dbSl80dF90MVkkUEZxSnByV3JOKF5xInNpZUs9O1lPOCghYHI/IjdVNU9eRjhyXFpx
X2MvOEZaYlBoalJycj5MbG5LXCY2Ik9WX2hnMVU9RSI5JlkicnI+TSduS1wmNiJUSksjW19KVmZw
alJHYiZwKyY1VD47V0UoR0dkZylQbUI1TFsiZz1fJ09UcHFLczdeIS5TVlwhOTcjWnI4PChCU3Ej
W3UqYHI5LD0yXjB0Jz8wdE9hKGRqNkY0Xj0pNVE2VGxpXmB0U2lyOSM9W0pfOyFfdDFZJFBGcUpw
cldyTihecSJzaWVMMThaOl06WU5ycj5SPGk4PUcvMnVganJURl4yVUordDg3ciJXTltxNjcmWis4
QDRBcnJBKS9PVCw8cyo8LSNzV3ExX2JLbVpHayE1VWQpci0jaU4mLDpUdHIiPSlNTy5YNjFwX1BV
YCEjaFs1IS9LZTwhNVRzR2trXVpBcnJAUTFyckQoWSFXOmtNcnI8MUNyckBZT191Ql1wKCVFT0sh
IU1oQW5fMCcnKjpzMTEiXWJSJlVCQzpScnJAWHFeXEkyRzgwQEAiOlxaMzVyPyJPXkorKWE9citf
O2ZJXSopVjt1VmlRXzgjYTw/aURvSiszaVMqbjQzS1lwYVYndChhJFxXciJJJ0whNjhpKHBpQ0JP
J2pMWnIvKWhyVSRZJyw5ajBlaC5KJkNwWSE4cyRUb1IvbjRyckJnP0orOU8naVZEQyM4VXBTI05z
J3NqPDU4P0dKM1RQJyE7TFZSciJXSDhOJTxtOHJYMzM4ITk6SC5yckN1PDVPX1p0SiorVl4sXyth
RDBFKyU/ZE5BQk84LGBmRHJyPlI8aTMzJVghJis/UClRIUg2TFpzPCktMyF1L3FFLDtnIS5mMWoh
OmQmaHJicGNxIS5tLS8hNVZcOCE5aDV0K29fUSNbUC5WQTgsUEJuclgsXyshKElkcCxRQGBIblVM
KV9yZjk7JnFIcl9gNVBkUW4iYjVHKkosJVBpcnI8U05yckBYSEonbWxfLFFAYEZqbzU+QDt1dXBS
SiZAZlYhOHNtSHJyQzt0SHE9L2xmWUA0SyZIO2FIKjVDRjNvNWpwMyRsLzpXcnI8NS1KKzs3bE9U
LD0+cHFRO2lZUExITyJGbz83XlxoaTVyWj9kbSEhSmhsITJKZko4LGBcOHJyQyc7IjhUXDIhL0VL
NCE1VltNa2ViJVhKKUlhZ3JdPSRYITVrNikhOHNwVz0uZkttJGwvOkNycjw1LUorOzdsTyREVXRy
ckRPW3JyRG1aaFpFZlhpLCMlRTgsUFJacld0VWIhKFk7bDpdKFdmcnJBJFQjUDMwPiEiTyxOIS5x
OUleLjgpVD0yXjB0Jz8wdE9hKGJQUm5FLGYsLl9rcCE9MltvNCg8LTpSYSh0TjpyckBpOEomKk1J
a2tZLGdyckBVanJyRFNoTzheNWxycjwxZ3JyQWhYbjQzSF05RSwiM1Z1dWs1cnJAZzRyckJsOkoq
PWJgLChKT1owRSslLHJyQGc3cnJCbDhpVnJuSSRNXWJZQnNFMFhnQVswdWlWPVNiOF5JNXNJZnQ4
WkFBQSVXVERubSVhU3U2bDpPZ2RgcGBvZT0hcDBGXmomPydXaHU8XG9UImozYGh0MT5BJmpQa10o
XU9JVVZMUUxWNU4mT1Q5RSt1PSglRU9LISFNaEFuXzN1KHJyRCRSKzdNa2pxRUJCM0opRlNIcitf
U3QrLDBecCJJb0RrVVtAUChyV1okcSE2MXI+cTdFLXEjaiknZCJdcEpPcGdDOl4rOEBGR3JyQSks
JixbJGNyWCxoZnI3RyloTzhLWzFyckMpVHFFdDhfTFo4PTZfJ1pxXHFuKk9AIS5mMWohOmQoS15Z
bFo7bjRCI0Ryblk5bzVQRmgpcnI8dDEmKkVHJHBgbixfJ2dgZGZqTUg/a0opSG5Pcl09LihyckBY
L3JyQmw6VlgrKl9IcG11N18vKktWRy8nZmVwalJHYiZtdFghVVZTJkknZWZSZSlRIUg2TFpFcyQt
VTZoanIiOHIvSldnJDVuWXVUZ0U1MUFWXltQNkFxQ28rL1REMSFycnJBKS1jMlJiSEQ+c1RmWDJG
cU9wJ1VTTXJyQFonXlxJMkc4LGlTWXIvXlV1cFxjMHVKajhgVz9pRG9bcnJCdC5KKUhMOnJyQz05
cGBvZT0hcDBGXmomPydXaEYlO0MiRjoiSUp1RD9CISZiU14sUUBgSG5VTClfUFB1UXBycjwzdXJy
QWYkcGxZUlZKcD4nKm09LlhEclg1UyYhIUpPSkVWamomMnVgZyJyckMnPGhzZ1I0cGEjJiQrJFk/
QW4xSilJMipgOC80P3I9KUordE0rZD0lZWgoYj1TbnJYMzM4ITk6R1luRS9YJy5fIz9uPTJbbzQo
PC06UmEodE4zcnJAaThKJipLc2trWSxncnJAVjVyckRTaFBQdVlWcnI8MWxyckFoWW40M0hdYlBx
Ul5WdXVrOXJyQGcxcnJCbDpVJlArXiRNXUpYIS5yazxxIUNOTSEiTmxHIS5xOCRkPWxzOXJyQmxP
P2k1KV5VUyU9MTgsTyFAcmY8XGYrOD9eLHJyPHQ4cnJCdC01TiVhX29SLVdEcnJCakZKLCVPb0ls
TXJJazI1cWBcLEAuRmApJDpIYFcjcVlDMD8mRU47aW5JPEhzI1VfUy40RGkzazw8NCgkQ01yJylH
KiNzSjpnOCdnK1NyIVNrayEwJ2tVISJbME4hLm4hcmRJWyxYcnI8LF5yckQoWSFXOmYoX2srWCRX
Vyl0akA6J1gzbjRzbCMhJC5qNio7MD0zIl0sLXVVQy1kWXJyQFhxXlxJMkc4PiNETCs4QCxFcj8i
Z2U1T146NHJcW1F0cnI8NURyckBYRl9xNFZHbjQzSF1iUHFSXlZ1dWsxTF0uU05ycjw0IVJVPmtF
VDg9WmItXUEhKU5uPG9RcnI8MGtwZTEtMWkuKFk7cXIoJl46US0+ImU5ajQ3OWJVNDRMSylZWUJZ
OnNIO0sodTdfJnJDI0lXVz9vcjg3OHBodStXZUs3RUBeXlxoaVxLKHEiaFBNcWtxI09wMjhwclcj
UGBSXDVlTCxJVnJoJzYiTWdHKXNQanF1Ml5NSU0pc2w2ckJXJDdNWCEpXXIjTigmOTZXISFgcU1P
LHM7QCVrI0NuJC9iYV9rc1E5X2ZjTy9iKCY5Tl8hIWBwXmFgW0IqcnI/TklwXHBDQz9SYSFFbmtX
NExDXGcvQ2FqUycrIS5xLUpScUxwLyplMVI0KklcWDA1TE5ROi1fS2NyVEMjTSc5W0c3UjVNQ3VD
ITI+PyExYm5vJHJyPStqWjI2LkJrQzFvRiUqME9eOylCcykwPUBtciZxP21fTzRlVVI6NE01cHJL
TCJhcnI+XlpDVk1NJSEuMVItSSc0PWMhNkNLQ3JyP0F0akY5b19yckRUWCs4Xl1kO3NCVkohOmZN
InFoK11DbGhXbmBKISpUSFU1Q0NVLiYpUyEuJilTIS4mKVMhLiYpUyEuJilTIS4mKVMhLiYpUyEu
JilTIS4mKVMhLiYpUyEuJilTIS4mKVMhLiYpUyEuJilTIS4mKVMhLlFiRT9vVSNRZlwrNkxKNDI6
Ul9RaT1QKW50YnQvKnVbQTJUOGdWVj5KK2hRIStWbjRyckFuZGVJPVY+NGIhZ1JuW0pLakdFJ0Io
Rk9rczZeMDc1LkomZWJPP2Q3NkxwUXQvcFk/OywuTV5XbSlhS25jMWhQNyYjUGttXj0uUVdkPnA3
Z2Q2LGJoJy5Na2AmSlRDI00qRlg2cGEiOCgoQSVGOkEiNThGZS4xdCJWXmsuYV1ZWVBJZ29iTVco
UjQ4cVFSKDRZLGY1UEZCVzptXDs1bCwhQiJua1cuSmJjYChTciwkOGplZlhhKyIvcXJPcUxlPj1V
NUM/JGFhXDJoTDsjVkFlYl4yMj1TUCZLZiNmTSgmOXQsM2hRYG5qcDlSUVY3bEFROVVwM0BWNCoj
LTRkQmlpUUs0STQpWVRAKnVwYjFVQHIlNSRkcU06a3I1RjhTS0wtLEFCIjkvP2hIYyJcOD4/XU9r
bkkvNGsoJGtqVSssLkshW15FPSghZkAhVz9LVjdmSzRGb11pMzUzQCEwVEcmRHU7MmhCU1pRck84
ZjMzXnVQRGJtdEpPR1teRT0oJnJIXGc/aUwsYyhwRV1jI1E1OUIjbGFuYERcWWMkciM2PUwhIVJx
b3Ivc2hgSilQNls/ZHBBOSFXOVkyITVwVmwhOlgpNDBFK04yTCZWL0JbXkUoNiE5K2pxITtKKVVS
SyE3NEdKYUBbcGZncVJvYXNVbUlrWXFuXzZINW89MEYuUjhMSzIrbkAjYSk/aCJQS3IiXUQ2THFl
XUUhOltHKVlOZEhsITwtPGFyckBbXF5ZbDxyRjc9Q2podFVEWmVWSl81ZlVxcGhjbCMlVHIkREBD
S3NYa1k1I0ZRZWJUK0NlQ2spP3RsNjI7WlBKWjNhcGVAbCowREw4YHJYL2kuISg7MU5odFVEWmZD
XTU3IS5RWS9uSTBYPignamhwcFAkQk9bXkR1LHJyPDhFSiYsTHVqNUBcLHJyRFBzW0JKaj5NPypX
XWlWcm4xQTNdIlYhLUBYOl9naEdjPjFMc29MLVBZRXAjUDw4J2RuXzghOltHKVlOYlY4ITwtQCoh
OStqcSE7Sihicj1Sb3BKKVA2WzgsUF5ycnI8NElyckFjVGlHXFdHWF9bY2BVND5JcG4rX1chclgv
aS4hKDsxTmh0VURaZTo2dXNHUGkzXXJlVTwmXltTXD5ZTmNtXCE8LTtTaVlgOiUvLG9WSiZXW0JO
aUdFQC82aVIsamE4Wi5VP0dHXWFwZm1hdSRZcnJGVEk/SERqbzU+WytjdV4oSyJaWl0sT2kyQSg9
b2pibkkvNGsoJ2pocSssIy41W15FPSgjKVdFWz9pTCxjKSNqVTIvJyVUI2hbPXFtRC8yWj42UXVJ
MCJhXjFLVS49MFxyJTUkZHFMRztqNUY4cHFpN09bcy8uT28qUCdDNDIhIjNSR1k7Y0B1KzkpPEVK
XUlcTkRbbF5IaUdFQDtlN0I8cHI0QmxIISFeTEQhNVcmX3JyPTxnX1ZiLG0+MUpGWWk3T1tzLyhh
XzQ6Q0RbMkQvM00uIlZfIjhfOU11WyMvcE5BXy1Wcj1wZkhFLXIlNFlDaHNoK05yIl1QOk0nJUck
bkAjYS5sNSM2V3JhKkEhKG5eUlMmLGQsKiROQytiRC8zJkwhNXBUVm41bGdpLF5wTy8hNWRJQF5T
aEpmIjhSOUMhL1AuImkzNUg8OCVeR1IhLzdoXz1jPDdnTVozWy5dVDBgNUhtQ3JFRylGJjRhc1tB
ZkspWWgsQFhtPT5KK1FARy0zIXQhWnJHQkhMKnVzLXAmPiJbTzJCZkw+P11ZTyFDWyE8ME9PPlk6
XShzcnJlWF4wXltTW2hRaTguY3JyQFlgcnJDRm1uPGEraWQ5I3U5NzAlZmpyckRRdDpdKHNucmVW
X01eW1NcPlc1JT0vbitcRkVyPVNLK0opUDZbP2RwWUEhVzleTXJyPDhBcnJCbEFccHFTbW5AVy0m
NCdMOClHUGkoVHAyVGwmcV47Q0RfKXNtdXJtKVoqWyhBQ2EnRFEnL1xbVS4sQ2JOTk8nTi5NSDFu
dF1YclM0MT5ZR0EraSFmQUQhIWZBRCEjMDU2bCJiJyduXzhBJkBuYUdII3JyQiNucnJFJyE4Zyg9
Z1xHRGhqWUs3bV0zK3I0YGhnZzRDO25pODNkWUtGODM3SWp1bEErYlY4ISFJLD1DOlBzcnJDTWFy
OzM0R05rWW0pKzZjRE1QKWhpXVVTPi1yVzlCdF4hMj4/JDZVTylWXlteXHBUPGYoK1NNLmxGcV5A
bUxyZzI/aTdfZXMnKmdOcisvY1BnbWRla3MlITQlSFRKKkRCYEZfMEohb1QsOXNodFtvRXJyREI2
ci9eKm5odTVlIXJyQCJmLlhhKTByXVQ8QSEtIUU7ST1GZWlPN0dtMSdOJTpSIlZhZyEiVmFnISJW
YWchIlZhZyEiVmFnISJWYWchIlZhZyEiVmFnISJWYWchIlZhZyEiVmFnISJWYWchIlZhZyEiVmFn
ISJWYWchIlwzazwhJDc8YHJjdSFEV0A9MEBuYS5fJkYkSWdFOj0zbVZyKC1nI0lQYzlzYERjXExu
V2gpLU0vbSwrIS8vKmNrSzNgKFZ0aylBUE9RP0goIVZmM0MjSFpuaiQzLlwvNkI/LztWSFJNcG8n
ZFZuPEBbO3FHZitrNTdXaTduQj8vUzglakJhQkFARWBfO1pyUztzUnJsOVshM29eKFcjakM0LW9a
SShmT1skRSlsWnI8VHVpclZFS1hpRGs3dHJyQWAnOyNeTzI5KUEtZ0chWXEnTz1INGVVW2tVWHJy
QGs/UjlUR18yNiJTVGh0Y3RuSUsnOVNPNWJaZiNlSTU9IWBZOVosbCIiKHEnV2JXclc2MFJZVGUv
Wk8zNFVsbDlCZko8TCQ+bzFDczxlSl4lLFFFU3BCU3ByaVhPI0s5TDgtZWJLdCFuPGszVycyXFxk
Nj8pRm4ucmFicSo0JihyMk5PQjBDQkBuWmk6I11XTC8xXjQ6SyFWU0FZPlNVWi9lNCYsXUdybkc/
MmIhNU1jZnIkZTdxXlt0PXA6XShDIltAcC5lYlxSI1JuTyFXQGBbYTpLTVJmWWAiMk4xT2VtUTUv
NDdEcidqMidTI249SEVGM19wRmFITGpyMDgrcFlQbTtWbE1CK2loXFFpZTpDaV1tMmJEUzloXUhx
aTVqNTxRaTRVU1BqWz9oVmM9SipnRzpAJ0xsOVlUZ2llND0vPDxcJSFxIU0hT05lcnI8LWNLRF1C
I2YjTiNqTThbc0UhMTA0OnJyPTxPakBfb1U9NllNJWdCQTlnNVFxaiE1UXFqITVRcWohNVFxaiE1
UXFqITVRcWohNVFxaiE1UXFqITVRcWohNVFxaiE1UXFqITVRcWohNVFxaiE1UXFqITVRcWohNVFx
aiE1UXFqITVRcWohNVFxaiE1UXFqITVRcWohNVFxaiE1UXFqITVRcWohNVFxaiE1UXFqITVTOWBR
LThYImk/XXM9OUU3YiNTSXRxRCkvKVBqQDlHUkVUOj1eXD4yPkdaIyEhVlRdTExvSWBnQjErPEFY
MmJIR1xiMFEqU2BtTmIkMTldY2kiVihZRTdlJV48XCImbmlxNm0zVDk6KG5PRiRMSXBzLTdyXm0r
aSJTZSJQVTg1ITI8bGImJTduOS0zOyxQZ0QsbnMzQSJcMkhpRmVQaGpiT0k3YEhXSz1yXCxRRlU4
YXNMb2F0QURKITJdQ3NMWjJcOXA4c0QvRHRoI1M9Mk9RaXE1Ql91cmcyP2pHJFkrRzlAV2NEL0g1
XjQvaGQ0OzwnUjliSiwmYyFyUEFFMm9aTWFacFEsOWhyMktBZilSX2xQKFYhPTInWjpcXzcwIiQh
NzAiJCE3MCIkITcwIiQhNzAiJCE3MCIkITcwIiQhNzAiJCE3MCIkITcwIiQhNzAiJCE3MCIkITcw
IiQhNzAiJCE3MCIlRlREOC9FclBTUTRvWk48anBRUFFucjJPRSExOEZAYW4wZDQ+cjA6JW5KKFcv
S0oqQnE/aCMmbywhMExQO0tEOyk9ISR0Ul9eXDBNTEosMy5zSDNfPWUhO1I+KHJyQjQwcmNSYUxu
TEZQPWY+bV1ucj9uPD0hJFpfUU10MEEoJHJuVCErNFNmSm4+OTIrYVdVJVErUmAxRihIPC49Kmpz
MGprLD9nZS5TKVlORl5ialJiJkxCK1c/Q1h0MF9WSWdtb2MxMjo3cEpdYChTRjFeQ2crQSk7L1Uj
YSlYU2hdayEnIz4iO3Fyclk0bFRPNWRoU2NYNSU7VTpJWUVbaDtsaCk8JyNZLylrLSFESm5YPy8p
N21OMEE7SWFwYmQ2LyhAYiRoRVQtZV8wbmVaVGgiPmIybz8rZ3FuNSR1bTAqdTVIYjQ0cyFUImEr
O1REOjs1TnRjZ3NZJ1luWDNzTkhIOk5jVSRyN0NiOkgmck9BWzRfTVw1RD9hW2lTUE87MSRgLWZl
bnFUQkFtRTtyRCgkT1hcYlV0OT9laSI9ZClKcF8uNkY9I1AsMTRoV2psIy8oNWFOQlkpIUU1VTZs
KXU7Klk6ITsqWTohOypZOiE7Klk6ITsqWTohOypZOiE7KzhoOCdOJSshJ04lKyEnTiUrISdOJSsh
J1ApTztPbT43OSdOJSshJ04lKyEnTiUrISdOJSshJ04lKyEnTiUrISdOJSshJ04lKyEnTiUrISdO
JSshJ04lKyEnTiU+TTFeLTFwT0EtMW5ER0ZuQDJXVWo/QSldR2Q1Nl5zNW5EKyFxbl0mPVxWcT4z
I0F0JiIkQHVjSydxVVtuXSdoOEt0ZT5obTtrdStSPldpPUVKUjg7aWpgSyhFKSVlc25DcilgRj1q
QW9Hak01SkM9R0I1UUohIVs2N2puUnMtVD5fblorMyUoZ0h0MlxybWRMJ0BYJVJhIis4TCk8cmBN
XGkhLFNEI1g2VTtrLmQtMlFuTUJtOlFKNGRySltyI1tIYCwtTjhZcEdbMDR0RklpbnRMTFcuMnVN
cXQ5UmBpYTNxZV5ENWE3L14oWWJoOTUpMTg1aGIiNUdRUFpGYS1EK1dMSUtBbWw2OkNyQiRxVF45
PWBdLiYpTVpmPzEza2tockUpOGMpSi8pP2ldMGU8QnRTJ01tR2BjbyZAND9pTCtlOSVOcytKKW9u
LyhrOjQyZC9PKzxePUtRM3JyRGlkWSlpOVFyckE3XXBnTzEmQUxnLkohN0xZQ15GZkhjSiMyRlhZ
ODJXL1FQXVolP0UsKnJEODYhcWE4WSNyPDtMMUByLVFLYGk7UV5QcmV0JidqR1ZlQVU1RUNlLiYp
NSEuJik1IS4mKTUhLiYpNSEuJik1IS4mKTUhLiYpNSEuJik1IS4mKTUhLiYpNSEuJik1IS4mKTUh
LiYpNSEuJik1IS4mKTUhQV5DOiRhbzo4dTw7TDFYci1NJDdpVmxoNXBfY3MoT25eMGs8WkhLbG5R
NVtLM2hDaWouVSk0ZygvPWYvJ1paPnNvaSJwMm5UODojaGhtM2Y5Y0JaJ1B0UD1nI14lLEZNXTJU
cTQ4PkJnZF1JRmdKIydTO0ViWllSbmlPOERwc2tgbmVSZFo9UW9pcF9WQTBJTUdIMjohV3BrNTUm
OWs5dU1RJWpUZVZdQmc9I25IJ1AsLCZBYCNcLyJSJCYhazstK24vPFQqPUQ2LldRRyo3WnIuVClu
amBuXDt1ImlIc00/J0AxKTBycj8xOT5mQSloRkg0JWVfZ2gvUCssVGkxOFQxZUcpSjVpRyEpM0pK
NU5RMlQpYXRdV2BwL11rOEs2ZEw9NFFCZUlEc3UjOWdeUFFlOl1uamgjQEFpRltzTzhnYWc7PFVx
Tm9dJV05LXJyJiRbLSs3Ti11Pl50IVJLRHRvVUJFJXNrZTwsNnM3KCRPVmlKXGxSMUkoZVBeMSxr
Xkw0P3VHU2QkOy5nXEZxIUomSEV1M0E6LWFyL3IwIkpgJz5BTlkjRSdycjxyOiExRUs6ciZjbzhy
ckFkN0R1VGZpMV1JSHBrbDFYPEteL1I7b00rYFEhOlhUTXB0Xj5KKCw8YW0xZGhoJGcwYUBrNEFZ
dFdUWzNQISs4Z104ciZpcFFycj1iUSEwJHBYYmthUicqWVlVUyE3PGQ4cnJCbSdyckQpJS1pPyg3
PThyOHBGKVYnWUsvPE4tYGlKOFVxZS5EWCE0SUthcnJAbERpY2s+MDVPcT9wbmNYSEAqJGJJYDVs
VWhDY19IIUtpQiEldScuRWtcbjckbkJoKnE+RCVoQCo9a2E9YTohLyEqLSE2MikmKTJRVzhsPV4o
J3JgLThvajJDcnRxQCpCKGFXXlphYTsyRU5pPy5uJElzaDdyYmthai8qWk0nWCE3PFRUcnI8Nm5y
ckEkWEVyUS1VNyglVUchJlZoI24sOSw1cHRePlRjaEhdYl4jJC1yIS9UbiFHUHFfcWpaJWJcIyln
QzUmSDthJ0omWyEjSTNcYWwlaU5wdCE5ZmcpcnJEISRyckRUI0JEYWw1PVQ4QXFAcjs1R0s3RW1O
P1QlNm5vQHJvOXBDSSllcUdJN20mXlNEYXFAKkIoYiZJQFxqOiwxRzQ8WFkoanJhLGNxNEM9WyE1
bHAkL3IvRCUrOEBaV3IrXztmR3FQbGwhKD03K3IjLVtWMi4mLF9ZUSJTYzU+I04wcXJAN0xKKVdN
NlNjOFtVXlxLLT5xI2JSMUw+M2dMISdwUGFxKW0hJF5aIjgtTF0lanREdTpRSHJcWzRENElZbUBN
L0JhJCVGPiVTKVIjTklocW47W1FvQjNlLmZUTS4zVl0wRiEoITdRLFg7KSowK0dFUXJkaGlUSChS
azMhNWx0UCs4UjgwSilLOGIhOmQoJXImaDtgcnJBY2ZEdVRmaUtEdHFrWDYnZ15yU2RRTjBdMWRk
Lks5Q2REdCwoT0s3RUdfSis8ZiVfXylIISEyKzkuU3EjbU43SzM+dS9fJVEhUD9cJWVpOEZWOG5a
ISx0J1pUXS1KKU87W3JZaVdRITk3KU1uIWAuazVGIzw9PHBua0E/aTNDXiZqUFM9cnI9PSJycj0w
Pm5CNkkha1NzTyUtX0w0LDpzJl87IlpGbF5WbnJna3IjP2dYMixYQVJfcDoyOXFCUWpWITtKUT1y
K2ByUF9nZCUqVyZhUEwuSzlDZER0LDRTSzdFR19KKzxnMF9dQjZkITIrOS5TbkhScW5GUVRTcmVV
Nl5yWEtKPSEjaFgzKmYkXjk1TixEbXJyRCE4cnJEU2hxLF9DKW9AKj8xal06dEpBRkpiZFk4YixG
cnJBXzxyL3IwIkpaJkU0bUtuQzclSz9FbGNodStpcnJEJEBxTnEtbWJDQkYwVERnXUBycjxRb2VB
KDQtZ09KL0JyckRTaHEoU2JuNjJCJCI4LCNPOjhVL2VGOCxXWWwhOUI3QSE5PU9mIS9PcHJodC5C
WCEwYmIvITBUT0dRaTc+TVc1THBdTmEpTWBpOToxQG5aJDciNFknUDQhMjtQbHJyQFtzNVBXY1ZU
ZFtyQ0VWUyE1Olxdb3UsbFtra0R1Tjw9cl4+Llk+SlQuZyVLP0VsY2k0IS41LXQ3aExTTy1fNU4s
QEFKKUtZbSE0PmRVbkZcQS9yZVRzVnJYTWEoISNpJilvKUFeR3JHJyFgcEt1TEI1OHExKnJyQV9M
ci9yMCJNNSdMP0pcVUNmcnI9Rj1ycj08bUR1VGVKO1NOLzJVK15IYiEvJEw4ITYyIWZpVGBJcnI9
TmdwciNIbVkyLiVPJi1lJWFmK1lEQXM+MU5FImleYHFPcnJELEFyckQrTXJyPFYuSlxVQ2Zycj1G
PXJyPTxtRVc2Ikw7OlBVR2tfaVtGITkhKUAhOmQnXEopST1mUXA6LjFYb0FDakZGWCk5SSQnYG9u
KjxHSXFuSzZkcGwwX0pKJ2AtNThJdGVnNU4zQ0gydU5pLmpSYEJPakgkREIhOSo2KVtyNmxMcnJE
Z1M1USNEW3BqMU1ucnI+R2podTxaXS1pWDErZj8jbGo1UFU0JSwoSXNYcl5kWSI3KyQ2XF51K2Jo
cnJBOC9yckE2SF1EaGtkWSVvLU83Qk8+b0hpRioiV0JdQS1nOTpHZUxkMUJOSiwlaUlLMkttUmst
YjNoTHQxSzRyPEBjNE9ULD1BNiRRREZodC4qUCEwYmIvITBdVV9yckBoWmhpSVQuJmNWamhpO1dm
SVxuQ3EoUmY8QmVMb19dbjNePE9XXi1UUixXO046RWVjLFdmQ0BNdTpLMFNvdEorPXIwX0pURFMh
MilSU1NxJFsrcClqMnFIV0MoR1UsLWBmIS8kTDghNjF1OyEvSWFtXlt0ITRyckRQL0osJVFBSiVV
KEcyaWc9L3JyQnVMbkl0blM1T3E/cG5mbik2TGVraCRvRVlCclBMJzcvUDxRX1whL0ltcWh0MEAx
cnJCbVdyckQpJGNoTWlGWVEiU2o+MlQ+WyM6S05PTlJ1NWtJcy5VJnJvSWtvISJrXj06XGtNIiE2
SERhITZDVjQkK0w2PkpII1c/SDJkbThCQHBTXHA8P3RETHBTOSEzQyFGWlVdMT1MW2QxXiM2dCQj
cF84TXVEQzspbTFrbDFYPWMvTCxMIyhQXXFyckQrUT80dWA8cjtsb3VqUmBCT2pOaysyITkqP0xh
OEhTSER1OlwhclxbUlEhNW1VYmh0ZU40aHRUQiJyK2ByKlU5c3EjTHMrZCpyPEBjNE9ULD1BOCxp
USNMT2FtPCYsdVZXVERubTxJP2NKYCghQlZbTytLOklwY15xP0M5JkhPLyYmYElrKSE1amk7LTdL
Mi4lQHU7OVZoNDVQVTEkK2khaTNyckMuYXJyQytZZSpyLUNISm5mJ25wMTY4bm42VjRuRnRhY3Jl
UWkrclhZaCkhOTclNnJYL1ArQHVsNEJAL0JtJ0RiOXMvYGlKLTZOZEZgSldwdSJjOTdPXFUhOUI3
QSE5PVMqS0tLOzghJ2wmMDRUPkVXLE8oNyxKJiwwNzRtTWIwRDtkLFlCVVVtXEpNMz84bnBmXXAo
JV9HKmAzNSpWJmNPRUpocU1LTTRDYFo6OkVNPD5WSGNQJW9vOzk0QVIsMCZTOj9NYjJxTmhSRU0h
cVhkSCY+V0IvU0hDIV48QStpMTpZKC0xKkInPiZcb2FJc1clal1KSUxxY09aRCs9LDIwMHBlWj5r
M1VtPzBUYDUhV1BQb1Qxb0JmbEc8SCMiQW1OUmYzaVVbW1hvcyUobkdvaDBlYWAyXnQ1NXRVOGBu
JiIsaz08XCRwN2YxNk1hJU5OND1iSiJcImBscjlVR2BdJixDQE4nP0twT2giJzdEJCgsLkxdYWA8
NzBcRGdSYiErN0A8LS5jNipfM25GVD0mbTw6b1BwKi1vOzgtPEkxbzdDOUtxMjE1PFJEISQ3RT9x
Xj9zOWVVMCVNITQlTlZKKkQ+XGMxbU0kOW0hIzVKLEdqbV9bbFZtXGVrQDRgRWgvQHF0MlVAaj5i
J1Y3K2Y5Tm9pKEVHVl0xLVxwUSw5aHIySz4zSiwmYyFyUEFFMnAmLGY7NUtPX087KzIyOydOJToh
J04lOiEnTiU6ISdOJTohJ04lOiEnTiU6ISdOJTohJ04lOiEnTiU6ISdOJTohJ04lOiEnTiU6ISdO
JTohJ04lOiEnTiU6ISdcUHJiQEsrQkg6ZSFvJzIwRT8wKT5IbCU3c0tGVjtyZD4sRjsjJiZwNCFs
bkJjITk9ISdIN2pbPiFPNT90Zk5eTUpXOlwoJTB1SzxLRG9ObkdgTF5hayYwNGkwM08sLSsoKTEr
aWpOUnJyPyVIa25wVW4/ZEZLQE8lVEJdaWlLXUxaYjA8T1Z1NkliaydzLjItJm5bZ25BWVtHbic9
YE5Jb0c0X2A4QT5LPUcxPiNFclErSnIoJF50VHVSVClwUTlVJFRcJjZhV1wwITw5cSdXMmRrIWZB
WD9rXkRfOzs9XGhSSTxqPENuW1o3Z0ZAJyVlWWZVYzliLi4jQzxSUytSYFMuMkRELEBATWlpTjQ0
KzpaSHI0OzAkS2U6LWhTY1ltWCxxUCpuOTpvRUdIUFxZJ2dWZCFRRk5uOm1tUmUzWEEhTlQmNjRO
TzRbaUdPK29fT0pwc3MkbDJfN2ZwJ3EqOTRyQCwsTDNkcnAuZC0pXlFsOlIoY2VZL1pWXmowM0k8
LTtla29mbi4yWFVSLTRUPSNBL2c1PilUI2o6U1BjZT4xaFpucztcO0guZTRUakUydSo7dW0vcWMl
WTFYVVFgRydjZmtDY3RHcDZDOUtqOlxOYWk0NT5iVCkyInJOTU9FW1llSz10ciM8LTlLVzVBQzBK
M2ctOD8lWT9fazhyZU5oVTVDPyMzVnVjdSxsT2AoZCgyVmRwOEkyRXJISTlqRjtmaUk7Klk6VDxb
cC0xTmlVXWVxYy5zaGtSW0spOzohc1FxYl5OOCgmXCgzQy07THJDLTdRJ05qTFZSNU1DdGs7LFBa
bks6alxUUClAVzVZPFFjXlhBZlQ8bVpqSkZMbyxzOD0uY20qUyQxak9rTnVKT2ghMVw5XDpQKkVV
a1dRMWAwOi45NkctK1JeVlxgdCRYQ2ZVQlhbblBSNGhHOyEnW2dZLERyVU8iOz0zTCc+YGZWXlsj
P3BeNl4ramxYXFleR1xoW2MvOF0yTENYWUlQVD0lMHBeVnU3ZlBQQElZMjZBUCtSVWorSGtMUi8j
ck9XL2xVUjRwUG9GSlJPPE1QSkltNCIxSVBZa18hNW9maiczZytzQio4ZyUyJDRfXCE/QzpQcmte
VGhPTCFQWkFELXF1PCs4dEJrNEY8c0txbGZqLS1fKCw5WyZfRy8uRDR1SHFbYFozNjFCa18tQFhr
K0l1M1M5UCJTUlNrWjpyYFArVlI5Kz8lWEhQIlQtJDk4PDtvQmhGZmhMUFdMQy9AMSM5LzYsNDA7
bElFSzciNFtDMGFcSGI4K05RVS1pYTYuQFs9ZCVmI1JTa2g7LHIqLiZJIzYnTW5nISdNbmchJ01u
ZyEnTW5nISdNbmchJ01uZyEnTW5nISdNbmchJ01uZyEnTW5nISdNbmchJ01uZyEnTW5nISdNbmch
J01uZyM4Z2xlMWNqLk1oITpYLCVKLnFpSXBiUUZNXkhvK1s/WytwL3JbJ2c5P2EuWWpMWWxXbzFc
Qzhoby1XSkhXZU5ZSTkpXEdROlBaOyEoWypmbChcJVp0OkxlbGZuRDJqP1xJcUMwJmNDdGJIaE91
SlJmI0pLMERvUDY0ck5XOy9Ab3FZbTJkN3M1TmgxYFlQcGxnISoqQ040dTtdQTlKL0xIXWBtaCI4
YyZHZV9dUkcuIUhGKT03S1RHVU0xPDBqcDY+UldfOjx1MVNwVERxISJyI2JdaFVTRHJSbkFmbkdd
XCRZPzQ7QUFUPFVzSWl0P1VcX3NZMGhZOjpISmo0SlohJ0k9WFtsKUAoTVBdXGhyK0dYOzJbbnVQ
VCZDQS40QjcySGElRSxjYyROK1Inb0g2dTomYjMwWCU2SFwpJFtmKVdjVlVTVy1tXSRscSgpUDc8
MEJEUSF0NnIqJCs9YEYuRG5wK1JgPlJtb0E8Nz0hNnM3U0AmWUhMOSxZQW9jLCI7YEgiczxXZmQp
dW9jdFJBVTlaTyJXUklkKjlXOV5vLmwvbFkuJislKCxHMkE2O0daIyhjaktERVBQMXNANlVFaTs8
XXBCXkM5S1NtbiZEXnFCbDZGMCxlcllaQ1M5SUNNQ0EpcFgkQCNxPFtwLT4kTT5EO1dfKihlRjd1
XkdKaVk8U1pucyMra051OyIzVnVqM09FTi8oRlg5T10pP2lWcUM5XW9sNWg+JUNOaTJqZV9PNFJK
OTRDLV1BUHEhOE5iRSlEKj5BLkBNPkwrXzdtQ2FLVW4+JWI9ckp1S3IvWi9hVW5XSyxuaWMzOS5R
WmJuVzlRdTtPKlVmMDVBSUInLl9QOU8zTT1mXz9ATEMnU2skSWE9cmRXQHEmXTJUKl8zblciYi5j
UlVTInFyVD0lYW1bOmpESlk9MVt1cCwjO0cqL2AsLVxmIkFwUFlhLSpkKyEyWUlhcTJCZV5JKFFW
bTBRV2VSIV5UQFhjajZcblV1MjIick0tPj0hYFFRPDAvPCwiT3FGJ1hjbkwnYEptKnBkNDxEO2JR
Xi1kaj1EXSEnW2daK1FCRy89QCVGUi0oWEJEQFMtUi0uO1MvPDleXVZqP18vPj9sPG5WPkUtNiZa
UjQsNXVpY2k4TXIkc0dvWSpCLVFsMTRpU2o9OTBlTypeYyIiLTAuRGRKITJDWmJwNmNpb3RlXkFV
NC9SP0czPWAwX2xIKT1PYSJNTXVLL0gwL1YvNzlCWFEqcEMnTT87WjU2TG01T3FecT4yVnVIbUFU
W24lTHUxWT1lQlkwOE1QQWMpMT0rcnBoWCExJkowT3EmdSYyVUlTW1srN04kNGZaLittW1hXITMv
KWROdEU+T0NQanFuIkplMEJtLW0lYGVVckgrRCk9M3FsYk03YnBEa29MYmlYZ0FOPWcsalhTNCpd
X21bdG5IO05BcTIsMzklXEFpLCJ0Nlg4U19ncl1VKk1FU1ZOTSlJLC5TSiVWRUIuZlRMJGxuP3VQ
ayVXNDMoJkY/ckBNRFsuISMvOiEhIy86ISEjLzohISMvOiEhIy86ISEjLzohISMvOiEhIy86ISEj
LzohISMvOiEhIy86ISEjLzohISMvOiEhIy86ISEjLzohISMvOiEhJjFuLTxzK1JrMV0oVlthZHMr
Q1g/SVRGaUpoM2ZaZG5EYDJOPWJuXzMzTUxTMC5KZzc9LXAsISlBITk6ajdwLSRzMCdoQV85XS4j
PyhxY0xIUlpjRmxoOzoxRmdVX2oiUFU5LlQ6T11pOS8mKUw0MXVTNjAjVEdMSFtsTCxkPmQ/a2xP
RD0qW1chI2VoP2wyPUMrZEJIMSwrSSsxNUpCSDE4SD5WWFNFNTVEajglW2FqZCktVilkaitUREY0
Wl43PF1wbWpXbUdYJTE6PUZTW19aOVFAZGZsKCVQKnRwYXI/VlFdJTAyTDNkI0ZULkVyckMnUmxd
ZFw0UEsrXmFrJDBRSGdYMD9WJixjQ0BgZF9oIkopWyV1YF0vKnFgJjExJHIxLDxlS0ReY2pkQ191
TEddTixxZGpPXypIPXFpRDFbMUAzUVhkLHJtU0VaRT86Ui5bcnJBQG1xKTEjXV9JTDs7V1ZWVyYh
Q2pCbmlVbSk+cktaX3VGZDskLkF1c1YvUlciKV03QUtrX2EtTlZLRmpdRlEhJD9TY0FjQGE5cW9c
YFk8dDQvNVVzQis+O2N1P0BUKConazRCLkVbPzlgMCQ4V1dbYVZMR3FUQyY6S2NMXSlDYkNXTks7
anQkRjpTMkc/QkBiRGchIyY8MzphJUdwK3BoPShGcnJDQihRIXRpaERvMUUnalgidHRAVjAhPW0s
dEA0ayEvSihvaVBzJG8iWHM2XkMjSjpQZVdiWzVBQUZRSidYQEVidTViL1xsMVQnWjgzVHVwM048
N3FuSzZONStlcyZMXHMhdEt0bGZuTzgqSEMlSz9GU04wVGInIyZGNT01L21KX1IiKkdnZUxGKzJm
TjQ6OiE1aFwvQ104XSxWI0xGTFZzcT8oJFRTQURsalZZSklAOio4QHFJc3NtLkpUM3BPP0BYR3JQ
WFk/XFNMW2tMKi9JOz8kVio9NWVaKW9UU2hbcnJDVUlodTglXnFcTSFlITIhbypjKDxwaVk6MERO
TDlMKzhyOnJxW2RTJ0k5R1phTTAuMUlCYXJicWY6NS9zbTVhOFVMWVdEViFxXVdfO1FWbysjVWoi
S0xrYzIxSWJGMEY1LVhYVzxLXlxtc2M9WElfWyEnXF8uVzlfVishOSdyKjJ1YGtBMUIoNyZfYnAy
RXJkNjRsb21cbiIhMiFsKC4qUjIoZyQwNWBdZ2xDOTJzaVdhY2hbKnNPOCpHOCVLP0ZTT1NsLlpP
UUtwQW0rI1otTzhTbDw0KmdobTEvXm5GPz4nOTwlNSRQYnE9OkNXcWJEQldyZDpiSE9RSmUhbSpU
QihodGN0bEoiRC8lOzw3YFdHUC8tbXJyQGVBbkV0QWssPkErO0w3QFxxcjpwOFU7b25QVnJyPVsy
PGAra1YhMiFvJVAmbydIUiQzSmRvNy1PTERbcTlDUGEmclBkTjBBLSExc2osSXElUClvQl1pO1xB
Lms1SDlQUjFeVEI8XVk7Y0ldTDZxRGVyOmdWW3JZZiEtcnJBWjc6XHRxX3JyQVpcVEBxbENqPzRd
N3FHXkIvbV47M2tJYVQsVnI6blw+ISJCWzpjaTN0dDIxTzhoTzhTbDRWaj9ALU9SdS8qXV1OU1Qr
JTRGNUJCYCtpIS8/PFZyckQ2I2YiXWtKTzhTbDRybHJJVjRWdUU7VVgmUzozcl0yN0pDLVVFZVw8
UnVpTGkjJ3E9U1tLTzZnLGhyZEM1YkImYnJvTWMmKXM5RF8raks8Ok91Y2hNMUUnRTNBUkJYMW1g
cmRCaykyXTo5P0lBPjVZPz8/LEglMWYxX2NeQ1gwIS8/J1A1TmdEbTxObCpDQEstPGtiPzkhRVow
NDBCKCRDKTlkNWlaUXBtT2RoQlVvXDVJI1Q2I1I+Ol87KzRSUURPJFQtNk4pWHJfSisxaUgtaUVi
LjVOLzlCMERZMCdRIyQ+VFIiKkdnPElyLjJMVURPWWZZM1g2VENCVTs6XGpORlBvb00xRkFNYCY1
RiE+RD1jYExYMEJ0T0JhLl9qLDhjalByLydnSD1UUURqX280Z01LVFFEal9vNGdMcVpRSyM6KyZV
JSQ0VkZPXDRtUlwhIS86MEFKJ1hnYHJZT0ZKcnI+NjtRaEYwYXJyPjcjbDtkXiZMI2RVMjNNRVQr
cllPXlBlKktQc1MpX01UcnI+NVBUQ3UjaXJyPjcnOSpMNThIIXFRKlZLajZVX2dmUHNkX0Z0ZGRK
ajFTZjBvVz1ULzBZJVZfSixOVDRec01saDNFLy51J0ROTDUlcVNhU3A8aHJZTjs0cnI+NGVbL1M0
bDVOZ1tJP0VyQTIwb1QrWHFjPU9zMkpIKF1aOEAnSmtMK2tDZzdTKD5ASy08a2J1UGFmZy9CcFBu
Z2ZiIyEvOGFwcnJDQlErN1Fjc15cUWhbQV8+PylwMWEyN2EnJUpNZDlOJTkvY0BAJUdnZSM3XzUx
WS8ubzVPMD9pOWRDWkUvMF4kcm89UlQpU2VFWl9gL3QnMjhFK0tyTGVyY08vPzpwcjM3NTAkXW5i
bFBrVjNNTjRxQCE5JUpQSitMT1hjMSojTnJyQVcqZG5eKCgzWHM1bElhdWNobkhvZyZAOk5GVlNp
a1A4KzFWOiJGT0lzKkFxc2A9MjMzcUgoV0oqXD9oTWZAPzgoaHFfOWhzdCkpXV9GcTNPIWhvJUcy
XW9yYk42RzhGbUo6Ri9UVmQrP1krKG49VyQ9LlRYbCp0cV1ePTUjcTheQExpQWZtTlVyV1ZySDwh
VzVhbFZFUUpEXkJfSWNHXmBAUz1rJzsvajdjVFpKJzFEb1BRIl1UKFN1SlZfNjxWW3JyQyozZ0JZ
XkY/TWszI3IpUXUwW3NLdVxIVzl0IlEmLCprcmQrU0VmL1dRL2ZlOnVqcCZ0Lj5xW0lwNU1vKz9e
Wyc9YlQ+WEtDXHIoVkFAcWR1VFYqMF5DJi9DUVZ0QHRDOGpycj5GVVZbcUQ9LlRHcG4/SSMyJklV
aEE9TkVJPjBpKkBsWXA6L2BKM2BIJVlZRmpxViEiTGdZJUsyKjMqV0VwaiJnKjRwR1ptSV1XbmZu
M1lOcUI/Jm1baWZuQWdRR2M0VzxrPTInOCdxMDpwNkE9ZWY5b1VuJFVWN0ZYTC8sKFNZKmdSUyFW
Ykx1VyFiUFNxMUg8VG5qKUw+SVYrUWQ4Ty5xTF47aUUtIU0/IychTT8jJyFNPyMnIU0/IychTT8j
JyFNPyMnIU0/IychTT8jJyFNPyMnIU0/IychTT8jJyFNPyMnIU0/IychTT8jJyFNPyMnIU0/Iych
TT8jJyFNPyNtQWt1aUhcbj46cCFoJzFsRW5PQUxUVyola0Nqa1grc15hK3EubUtzcWtlLilmKS47
RUUyZXI/LUYuOTFJbkZQV0JMLGwlMzghIUhwLzxUPy90cCE4M0cwIlVQM2A0bj1camJRXUM6VSEn
ck83NSR0TzJWJXVwYS5aXUwlKXRNNW1QPFtdS3A3bXEiakxBazVQR1pMRy8qSHAoPnE8REFYTD1r
N2lbdStiRHUqQiE5SWNZNnQmJzJTQSdHZmhfTDtqRjQua0dnRkJ0KkE6dGJePj5Kc1JmPEJLcWsm
TGkrU1tuY0YyTUNvXUM8U1IyTHAiXmRVZUw+ISw1SU1yJC1ZOXJyQWExcFx0M25qZmRrVWFnVUVc
V0JUVzxmUT85QUFLVW1KKCVHOWQkR3NSOmoiOjkyRExfQkNocE05aGotNSU9UV9zY19sZlw5SkJb
Pmw5clhsbVhKJ2JaT3JyQFJpZEpqMVBoaGFTXT5KOiU6XmM/MywiOGFDQnI7MCJhIS41LDthX0Ni
VDUxMEIxaFpCL0I1YC5ldSl1Zm8kSitpJD5uTS9bZ3FBMWdfKT8wXWxjZmFwISZcZXMuZCduQiUh
Ll0rPWlRdXNCcnI+Q0lwXGszOj9kSyYyL08vRlA1UHNBOXAuSmBDZEpqNCghZyEsLSdMMWU/cnI9
PkUhOkBdJy05aTFEISgsZkkhLyFONVJKNyRjS0FvLGwoOWJMQiVVLChuI0syLGEvUk8iYyo0Plw2
cDAzJUJwUSw9SydSYzspcmRFaSwhNThVaXBqaSEka1ZyTUEsbFtsM2FTdTZzTmw6cXRkKCtZYWNp
MjtoJTAkPFxDVyhfcC9gMic5KjQ1X0dwZEtSM3JyPkNJbiw8Plw/YlFJPkI9JVU8VDZVQTltdCIh
Xm0qP2JkTzhlbmhURFVySDVQLG9wITBtS2BxZi4sKGBUIllyPmVmY0Bycj9fXSMjNCdrJl08NTxR
Ylc7Iy9RVmtmbks3XTEwPkh1YD41ZUJyLSw5QlQ3SzNAOCQ5bFJNcnI+NzFKKTo9InInNixdb0dk
ZjFQKDMyY3JyQG45YDtdaGFcVVdQYHJtOlFDcmtcK0hyPGxdYXBdaUJCcnI8PlZNI1JKPT5MXkZX
JVUvaS9xXiYwPHFhXllkSGpXJ1pDJlwvc2RKajQoIWpxdC1MXzMjUks3RUdmcm5QOWBSLVtXSSRe
XmkkcnJESiJpI2hrQT82ZklNVGwwYy0hISksVXJYbD1HcnJDRVRJSyc6dEVuQmRDZmUjR09nLT5K
bTs+KlhoZiRYS3RoWkFsNkpKOj80MnVgaydyckRIKHJbJ2lDcnI+Q0lyckBbOXFqSTNhcnI8PiZN
U0pAW2VBKEpbPiltTS5wbEQ/TixGWHR1IVIiaXMjTUV0byE5YDMncXF0P0Y+Q1pKQ084ZW5nSiZE
VmZycj5AInEnWjFCREZhVXVGc205Q2JQcVBISitlWmhuLEVAbmY4MEcsa1piZSQhNUxVMGAnLC4x
KzhsUzZeXEEkY0ltPzUwW2Y2PyJHbElkNEpPZUMxXlpYSDxxcXQ/TyEiXks0cjxFOSVqSWNDXF5a
Jl9tP2g+c1hwYlZwTVpwMTJPcGRWbmRycj5DQXBcazM6OCxPVDwsUUBiO0RZc0c2ITlMRUoiNzNK
ciE7I1kkclU7NjQvXGg1XGE4Wi1lJDohTVE7I15OZ2h1Jl08ITRPJ0o5UWhmX0whMEpyIyhRPyVp
JFxGSFNnNDc4VGxYLTMhNUxVMFssKWJsPThgTW5eXEEkY0ltQlc7XCxRSCNHbElkNEpPZUMxcnJE
Nj01UHNBOXJyPFRTTzhUOl8hOUJkTlw6O0g7QFhtVEheW1BuOSEsLWpHSihRcTByckFhLXF1Nldy
amVNZWVZN15kN2QnbkgnIS5dK0FvR1I/cTpcal5GcnFJMVVQMTBEWVVdMT4uIl9tdTomMiZiOiM2
K1xiNVE5SFFwbUN0VHI8bnRrJTAkPXFCQ2tSJkxBWScjclhtQ0pycjwmXFZ1SGI2MjwoaDkoQTBv
aSIuJF1wP2E8amJjYTgycl5uXjdeVENfRmxyVTs2OCEvTUZZcmUjXmtURG5uLys3VilcVERCP1dy
IyxNN2dzPjBAclhoQC9yckNFWFdJTmg/WyIjcUFpXW04VTIqXyFAUUc5KVJaPERiKFsiJWhjVVs0
Oz1vQmRYdW4wbjs6TF9pR1hLN0VHZnJuS2B0QSs7ZVUvbW5CMHJyQlUlY2JLQiVJT1k5c1RtJ0U3
ITVMJHNyckBeSmBCV3VJbDxqO2kvVXAmLkFAMkA6VDRuNiltdCIhXi9VdXM7NVBzQTlycjxUX0xd
JUdXITlCZE5cOjtIO2lkXi9zXltQbjkhLTpBc0ordUcwOGNKY1dtSiRTXDkyWV1oX0MrPzhxQTQ5
LXF1VzIhVFswb0pKJ1lLL3BWPFFqUUpfPCQoXUVoT3JyQGlrOCxlLWpua104P0orNTlyWVBLJDxy
IyxNN2cpblktciQsTXRyckFhMjt1Wmo1M0dMZVI3X0RiJCEoLFA/cnJAUmlmQ1U8XTk1alkiTXVO
SmNJP05AYUlBNmBBXicsVksiIj0wTGN1OG5UcnJDZi9yKE5ELHJlN0VRISFbckhMXCdGJyEhb2Nj
XlpcXEleW1BHWjgsaVBwVDhKLV4/Lj9YWSQ8bUZfNTA3W0EhJ1xlW2haQWtFPjVuVEtbIiVoY1Z1
SGAuMTY7QTxyckQsUHJPRGstaWFmPCRvSWFNRzFdSUheNUcjWGI3L1UhYCEoLStNcnJAUkllNmhe
KUdjVWd0XWhlWS4hOUxFSkJDKHFWb0JkWHVuMG4vW1Z1NkVecnJARVJlLENKNCs4UUhIITZJSiZF
O29vcFBKciR1XFVXUGBybTpYaV5ZcCskPThgTVFURGVsNzs/JFg1MjwoaDkoQTBvaSIuJF1xaG0t
STljYTcnUl5uXjdeaHQtNFdyVTs3Y2AiOFhCISgiQnEtaVgwYSs3VipnVERCPixyIyxNN2cpblc/
ITtuJ0osUUBiO0RZc0c2ITlMMUVpPWtgV3I8cDMnclcsWiFkLDNLV15aWDA0cXF0P0Yua2dfa084
ZW5ncnJEJGFkL08qPWh1Jl08ITRPV1wtO1BCViEoLGZJIS8hTjVSSmNVVCE1XlZRWVBLJS01UHRW
TE84KTJXPFc8JWNoUF5BUko5Jzk2M1ZGc1ZxPVRnSnBfOC42YlBscCJyckJiOjBETCxVNU5rJysh
JHFSRW1EbzUsJy44XDshMjRINSE1WTwrYmwybDJuPzdfR3JyQUkuO1o/YTVDcGJZZywoOyFAITI0
VTdyckJoYENcZWtFJ3BuanBhOFotZSQ5bEY/cnI+NmZyckNwWE84KztANU5rJyshJHFSRW1ESm9N
OkRObTA2S1M0SUswVDckcjpCcGdfRFU+VnFBL2BncXVgN1Fycjw+Vk0jUko9PkxeRlclVS9qZHJs
JklLISdbW2YhOGRqPVl1dVMmWEZLdVtVXSlCaSYsSGI4ITZJSiZFO29vcFBKciR1XFVXUGByb1Nc
blRDQF40VnVERCs5RSt0bFY1KyMlP1BTKDtcWigpOltUYFpgcmwmSUshJ1tbZiE4ZGo9WXV1UyZY
Rkt1W1Z1SGAuMk5SZUBKKXJvb2djc2UvblIob0A/aGNHVyE0ZWBKQkRgc2YuZlRMQj0mVCV1Xy8t
TSRyJCZqKXJyQWBvO1o/YTVDcGozTHJKSmV0STpOOVdeJyxUZlpNc29zPVQ4QmlKUDV0YktiKyJo
cnJDMmtyT0A/cWFsOikhPmVmY0ByckArKVNlKFRjXUxWdSU2SmVSPSEuXSs7cnI8PXNNTFhocWVB
KEpbPjVqPFZgRl0mTDUtYitmaFpBa0Q9YiJjIUorcGFWcnI8VSJMXSVHVyE5QmROXEEuJDZuUihv
QD9oY0dXITRlYEo2cDtAVT0mOFRdMikiazBRQVBNdWldbThVMDdXSSQ+NWo2VGBGXSZMNS1iK2Zo
WkFsKnFgam9OTzhlbnJpQ2oubUtiKyJocnJDMmtyT0A/cWFsN2c2PmVmY0ByckArKVNtVjdecig2
bmc2Sl8sMCFSIkVaaVAsdWZyXkcjZnF1YDgiVGcub0I1UTYmKXJyQmZDTzBEZGUhNy88LXBWP2Uv
JEFbUFYrOFFISCE2SUomRVc2JFdhbDdnNj5lZmNAcnI/X140cW1eMGAuLkQzP04xI2AqNDVxKyo6
WUNQcGRYcDBxdWA4IlRtcz8kSidZS09wVzAwLSJlWV9pYThaLWUmK0hAbitDdTtmISY7N2E6XUNG
KChdNnN1LWlTaENycjw3UXBHO1grcnJAXmZgLi5EMmhnYVEoWyIjcU1pXW04VG9lNjRGUUc5LT5t
LUBJQ3BRLD1LKzVvZmIua2dfa084ZW5oSiszWVRKJ2AtNThjSmVGTzheSiUoJm44I2pvNT01NVBw
bEhvUkZfKmlfVENlRG5rY0s+KkpwdDU4JkltXTcnXFpKNVkiay1pS05DcnI+NHByckNwalRAcm9b
b0IuNG9uZ2NzIkppI15VMnVgaydyckRIMjVONjhFNVAtUjhwYlZwTVxZJTJkciQkUz1yckFhOjta
P2E0LjtPIkJKJF0uVGEnVF8ramBrImZwUEVnPmtcXXJgI1A1LlZKJE44TkNLU1hUISllNjonREVf
SV8qRytPR1U4JCRyVDVpTHFmLitSYj9PM1dRb1pmc2JMMW41bylBXmVAZjRRbXJyQGFbbjQ5Yjsm
KW5TbjA4WGRGLyZLbCNGZEg0WyUnb201aG1nMiJYMWVUNiE1VFAlI15lXEhLM1MsaWlbXzJOPyxZ
S09LW0cmXDcvbTg9K29caDxZSSlJT20iUWAmbDhiT1NqTiQqdWdmTjZBKlo4cG87WjNOIXA2NUxU
VnJyQCohMCV0PlQkbT0tXCREbi07Y2BudWFuOzpjPFJDQFksSyNzVV41THQ7LmJgJXJoQFVkOVhm
TlJLRUNdOVROKWZeJllMJGJyYEU9XTVRLSohb2sqKkRjNzIvYC0uJilTIS4mKVMhLiYpUyEuJilT
IS4mKVMhLiYpUyEuJilTIS4mKVMhLiYpUyEuJilTIS4mKVMhLiYpUyEuJilTIS4mKVMhLiYpUyEu
JilTIS4mLyQ8Ti9xLUIuJi8kPE4vcS1CLiYvJDxOL3EtQi4mKVMhMEtnaFlNPzpVXydNbmchJ01u
ZyEnTW5nISdNbmchJ01vU1EuJik1IS4mKTUhLiYpNSEuJik1IS4mKTUhLiYpNSEuJik1IS4mKTUh
LioyKFYrUzdKajsrMjAhOysyMCE7KzIwITsrMjAhOysyMCE7Kz0nWCknNi1iOysyMCE7KzIwITsr
PSZMZD8zYFsiVmFnISJWYWchIlZhZyEiVmFnISJWYWchIlZhZyEiVmFnISJWYWchIlZhZyEiVmFn
ISJWYWchIlcuPzdVNUFxIVU1QXEhVTVBcSFVNUFxIVU1QXEhVTVBcSFVNUFxIVU1QXEhVTVBcSFV
NUFxIVU1QXEhVTVBci44SjNqIUxaV0M3P11YKzY7R1cpKiVKOzY0I2xIQypqNywlMEQpW2AmRWJG
dDBYZWEhXyYsUDFaSCorOkYuIU5dUDlBbyFLa0wwOGk0JUhASFE9SGlIOSxIS0YkNTR1KktPRmUl
cThvREwiPlBBYl5DVGluYCU0cVQ7LlovRm5LNWU4YTY7OyFfS11uTlRAWWZpX3UuaVRZUSJVXFRS
WD9CWzwpJnI/UGhCdGE4Wi0lWGBXNC5eV3BTW2UrVnUnVnFaam8pRistOT41blRtV3BwSFhmWCVj
dV5Yak1USitGVVhycjwuaHFHNmVoOjZxOG5KK3MnMkVJUVo3WylxWSgpRistOT41blRtV2pyWi1V
Ji5EVkopbTdNclg1aVhwc2pXblMzPG8+KGkpQS9bdSpFNjE4aypWMVM9T1gtaVgxPkhAUFxqbF1E
K3VUPHFrOjRGSiVGJFknLDlqJktQMWdBXzBIS0k8QjJgVyNwaWZXMzBdaVUnXGhtbW02LWA/NF5p
O3VaaCJSQGoxKjs/JFZdb2AicFwiNGNFMFhoSHQ/OlE9RTchNVdiV0VtT0hicSFDPERjOCM+IWkz
ay0rYT8udCxTVEtAYFM1OS5iNidYXCgzTG1LNE4yLUInbCg1ImtxYkknK1xFaS4xXltNXl9kImg9
V3BxSmNjYm41SGAsWlhIPmBtPEBXaSIsMWRpSUNWcklRUkksZFFCSSQwRF8mUms1UEVSXSlNYzU7
MUdeNl4uN11AciM/bUw+Pmp1NXIjc3QoQkMrbUNZREBMWF5acDNGSWEuJFQhOEFwN2ZrXWgtXSJU
P01vUjNrXFhhL0NlU1c9RiUqWmAmLjo2ZFguNTFCNFxwcDMxbCZdYW5PSjw8bS9RY0YkJEVxOzVH
XltiLExyMzNtNyEucFZnXyxNVClERU1FPXJyPDFqXj0uMU4+PGZMPkdITC4uZ05jWUdjV1BZUS5f
UXInI3UxRiIiXG5kPHJyPDM8bmBJQlVsTWdqaW9zVEcxXkNGRUghNXVwc1JYVkxtWXNpZzghJWI3
IlxVVzMrW0haWyleKjJIU0ZZVC45VD1fJCQhKUxCLEYzTE9cTFQ4ciFDNyJvaklaJFliTFovYFdv
LDlqZmp1U2suKD5rLmVrVmRxWmJdViJDaFEwZiRyckIvQDgsaVFUWzZPLkBTXE5pXEJEaFRyOiZi
MiREb1o1VylhRilaM2oxS14ldT1UYilhRiooKkZSNElYM11MXG9xUj9DITljPj1yV2IsWz88Ujou
NSo9NGwhNWRtbkpjPl45Wy9VLUE9SzRCMTI+ZnJITkc6XVUiY2ctbWxGZF5kXD1gYlFDNEcvXzNe
OW9qWVBJaClqLztuV0wkUzdecmU8WjhQX3VOYm5hR0ohbC9GcipQYCEic1pmXmxGPEA0MEBycj83
X1MsUyRpSilHQis9WyQkaCE5TWBlVk8uIjFwb1hpQy5LOUNpOD8vS2MhNDZbYSNfMXVPcnJDLyNY
LWdRJFxiZkdtcVVyZ2UhOyUuLXJyPC5oV2xhaGhxPVJHSS1pS3FBMm9GN2UwbjgrJDxGMFV0TFo8
WERpdCknT01SYFEpSFc8Kic8YVkwKidTIkpAOl0oXTg9OCMqXnJyPj1WY0k7YjJNclZTTiVPXzhW
IUAiS0IhOSd1LTQ5IzwtbjM/REYnbGBkPFdxNXFccmpNPmVyPD83JCE1Ul89ZmJtVGEiNEs/SHBo
TEQkVENiNGFyckBZbFddQGgwKy0yJipqJ1krPikmNyoocDhbZC1sWHBvXWN0LSNOJVZDVkhiITUp
LlJHWjNiPVQ2WldWaU9ASSRSMlYiSWIxNCE8J1R0PGBXI3BpZlcwUnFbOSZlODVNIisucnJBXzdU
RDBET082ZiEocmRqPSlyNGZbOW0xTUkpcCtRPVo3SzNBLVdrQDV0R082VWMrN1BtbXJyQFonXlxI
PylqU2MqS3JNcjBVW3UqRTYxOGsqVjE5Jz9GOl0xQ0VyckJoRjgiOTUnck03Jk1yQktkV0Q+c1VV
V2tANXRrTnQpKiEoQGVqVnRQODpycjx0QDFuVjBTVD0kP0ZhLDBmcmtWQig4IztgJmFHc0Q2MDt1
Wmo1JW5GOzJcR2xQRCNfMiE2cnJELkFmRGJpMTxCN2czbihQPnBxNUxAbiEucCw5clxcInJIITBi
NFVdIzJsSiwwU1FyckBWb2ZEP0AvcnJBXjxKK3MnMEYrMyJSWzxNUWBrbDFZUDtmMk83YGk+VGVt
SmQxYD10JThjPDYrc1MvViFRR0giP2xSU0dmRGQhKmpjQHJkdVxNaSxecVs2JzZaRDRbOGlFb2Zy
NHIyc2tsLHI3KlYnIS5vUSlyXFtRcnJyPDM4ck5NV2RgQ1UiL241NCEkITYyKFwtZ2FuJS5wcXRV
TUVnO1tWdT9vVzpcQjJdcnJBXjxKK3MnMkY4bDZWN3Q1PjdKKipiJHJyQFkvP2lEb19WPmdPSU9h
YnNjVm8+VjchOldkInJyQyc+YEZuUjtrTnVIJlhoN08yISgiIlduMlpwaSszOzRcKVBAITo0ZT9U
ZS4+UjtiMyQvcHJyckJrTVlRIlNAWCp1KWghLnEyIWZRblJZU1o7SjI6WHU2PyExbUFLTERUczxu
dUtRPEw4aU1RW0FDbCo6SidJMFBzPWFscnI/KiotRkxiP3JyQmhGZEdOV1xyWC1wPmZBXCszSU1W
XzVWRlRUPjhsT2lqSTJyNXRQaSVRIlpNXE0oXTAjbSE7VS5BWzNwSmVfLScqLkdgQGdlJmxeSV9u
WUFzTi01QXNuZXJyQkE/ZTlXQiEjP3BXPFMrakp0cjtRY15eWydUXHEuKVhKSV06MWovXzZgSylg
Uk5NcnI+N29LQW1zX0MiMytUPThyOFBjZHVjUSIjOzJsNF1qSU42KkRbN1JfTlhRS0hJU3BLX2g9
WWgvTERdRERBKSdmPCsvaWdFJkRyZj88ZkpFRixqJyxEdUkiISFBOnVqdT9ASiU5Jmksci4+WjtZ
Q2lxQGlaWkUjRTFcKDM0bjNsJm5CW2ByPks4STNxT1BDRyojJSFvLzliP0tYJDExbV5Tbj8hXU0m
LSNJYjtAOmYtS2tbTmtAcTFScmsxcjtYInNtKVotb1NJZUVnKltoWy1iOSkocDc1RSI1JWQoRiJj
NzwnMlBoK2BpIiFWTUlIQS9iNlcwQiQwZjNNbCxLXU9hXThIWlJBbHBHKmBLI0ZBNU0pMkVvOkgq
J2wlVGApNDNCYUsqMW5oOW5WNzlVSVZbSjAlbjNXOHNYTlQwczxfLyopc05GL3RdTlcnUjYtRktV
IlJca2UicSJdZHVhX2dKbElEcEtnUkdQXUpvNmYvTUVdZEYtYGFVRHJURDdQdFgrXDwuaElmNDBA
SGw2KElhZSJscSExMEJjR1QyJCwtLWgpZS9vWCxsL003NSEuW3BKUXMmIjpTVHQvN2xYcG9dY3Qt
I04lVj5ZP0BWJWRyJW51Vj81QT1KYScpZ10pSiltLCJVRE47Mm5WIUtdO0VGZ1hjXlwidHAzIT4+
SElBRSRuTlpzVjw7dXM2ayUuST5iKCZVclJHVUMlbGYtJVBpaC0uNU1RQjg6bGYqY2VpWm5JJ0o8
QUZrI0M8aWhtVyItS1Y4XilDcnI+P001T15cJ15ZJkAjcjsqOjcmSCRiSVIiKzcvcnJDLzNXbFAj
aiV1SHFOMSZoNzdVZkdDT10sWTpVcTdHWHQ1THQ5LnJyQV9HVEQwRE9Ec1dGbHJkQF4raHRVSmEm
Y1ZqcEAvZzVLOD8xJjNiT0dqW2VxYTUjTmshXydlVkg8OXJyPzReTzhhY0hKKUdCJVdLY0xvb0JA
OTdwclclQypdOVlrIS5MWj4yb2BVZ2E4VFI5cnIjOGpkRyMoWUZTTGtVWDVpKmtGOGNRJHFaOzVr
MnRybWA1N3NhXlteZmcqUVssRCUyQlQ8RidZajpra1BcRCxIJDNXOjNOWlVdKls3RlZxZ04wQEhv
PWlVcFNxL2hJRW9TRzRzRFhTQlJlcCxXXSdZJG5JYEB1TF03PlQsLVQvJiNRPis7cWFMRihROWtC
dXJyQmtnSHU3bCQ1UFxmZmI7P0xucnJBLlRudUlsSWtQa01jam8pZkBBX2c5WFlsMThGaTFATVVM
I2dnN0gpQjsxM3FUXTRoKnE+RD5jWygmQUghZlNSdTUvMVNVXSxnITwxZEZeOjIjJ2h0Q0ZRK287
WkkhIjRTQScoamIpbmU+JzxuQEFOQSs4TG0scXN0UEojT0xSQjFXQ0xTNHBMZGxpaCsuckwiRiRH
ZWh1aD0vKS5mRz9kN18pQSozZGtUL087YU5kPWRKZiZBa0JUaj8qR04yY2dXSytEIks9LV9ANW02
LVRdcnJCcHVway9TSDYqTDM9KkFkWzI1SyM1TyUxaUAtJ2x1NVFBY0IuLis4bENDcnJCanNDXTBO
YUonWHA0aHNlN2wtMyF0bF91Ql8iWXUxTiQkYlBEMnI8c3FOISEtUTM7TFI2Yzldc2NPRmNaQ0hg
PzReazt1WmgiUkIiRiNodGNxPWwvaF4tbkxTZVArOSJsJDs5ZVhjaWgtL1hPb0dGPixaVyZfVChv
OEpycj83X1REakhtSilHQXNBSm9eaXFQSkI3ITpbYVAuPV1eZHJyQTQlPC0lbmFwcDo7KE4uOlhO
J2x0QWtPMzROTGc5VV9ZPjwmOFNLLjtCL0YiTHF1RHVCSS9GYXJvLT9QV1NAa1w6JXNhW2lFbF5N
IzlZLEVNVWxKKz8+YWpYUnFBWCQ/OWBNPm1TPjE4aypWMSZoNWBqaExFUFJGaEg9X2E4YFdyckFh
ZnJyPT4oVkxRS05Ic2NtUlRxcVxnaSQ7PUNjZT4ubHJqSGYycjw/NyQhNVJgMnJLITpwY2AxVlo1
T0JFW1NmWVRwcnJDLyNXaVd0QllLIXNpR2RNdFknTk43Tmc4aVFSUWhvSVRyckRbLzt1WmgiUis+
JyJKJ1ktLUA1bVI0blw+VnNASy09akVFJUdXZTM9b1AhOWVEJSE2STQkTFModEU1QUpPQ0N1VU5Q
JSZzNyxKXiFCWGFOQiJyKmd0XitxYmhmYCpCXCgkbi1VWUswQztqMm45IjMpKzg2NSVcO0MpXzNW
dWosbFhwb11jdC0jTiVWQ3NyTjI/T1NiV1JicFMrYTJgcURdTlRhOE5uYldxMVxqVDxvYSpqOFQs
V1ZUJlE4YGlGYGFbOSZlOGNpJVw+Tzg5OWFyckBWb2ZEPzQxcnJBXjxCNlEjckhpJDU0YSxkdGUy
RD4lZTw5PShgNUE6a3NuSkQzKi5DIkJtV281Pm09bkQ/aDVNIisucnJBXzdURDBETigvcEl0ITcz
a25xdUgzSnJObmUnSl5gVSRyckJsRz9pNFoscnI8TSlxYjtSZjdXODJAPjVuVG1XcTFNMFc7TV4m
NU0iKy5yckFfN1REMEROPF9KWkFxMWttSiEuWixPcnI8TTlxYlI0bGQ3JDpwMCIoXVpqJkkpNltj
ZCRBM2RhRXMhNlRHZnJyPHRAMiJFZnBdYCJscW9zXWZDa1ZmQDwjO1xmM0FLVU9UOl1DQ3A0WUMq
clREIm91NHNNMEkoTCRoPW5aJmNPbUclTTpPODVjU3JyQFk/RHVNViNANlxNKTVBRlFrTnRfTm5j
dC0jTiVWQ1ZEYW87QSkqaFdFM0hANFZaZkJsZyZyckBiQis4dVUhSiwlUHFTLE5gcXFjYF5nUmlo
VjovViFRR0giP2xTNSg7IjJYdW9NWyEndWw3bjJacj1LLVVCclRSKStfIVVLPyxfKkM1Izs4RHQr
cnJBOkE/aURvX2pvNT00TDQ3YGFPbXU9NnIiTj83ITpkKVskMlteX3FjOkp0RFxSXUpELDonPkIi
dXQ5KF09SGJyckJoRj9ecSQlLWk3PjRUK3JVTiE1VistcnI8dDtvKUFeKzdLM0AoUTBJZ0wmLFYi
NXJyRFNobmQ1MW4zTUVRPmYkNV1EITIuSyxwYC4zSyIhW2FGVFIpK18hVVEjIl8rJm9qXlxUSTFx
KyVqbSE5NydfP2hjJmxtQEg5WiheTCRIbT00b11HaVxoKDUoOyIyWGRpMmUhJ3VsN24yWyRpK05Y
UV9rVDZBcSEuLixrbjVCa1A2NjxsWSNRPiUzSiwlUHBTLE5iNXFlWXApIS84QjZyV29XVXBzalZi
ck1yLDJlWlxpJmA7XWkwKSxwUDghdFhgLE84YV5wcnJDc15dNzdgRF5NV0g5LyZWQWUiUDE/Y0M3
cHBtJEAyTWROaDczMHJYI11WcHNqViJyTW1PL1c7Y2olMzFwMiYuWSRBZ01oZ2pWcT9OcXUhLlot
SjJ1RkM4cD5tO1kxazRUa2ZEYmkxOz8kViw8O2pBQmtjZFNXIS5sLnNyXFwhZzFjOFhdcFRCU01b
dSpFNjE4aypVKzZyaG9ycj49VnJyRE9rb0gzdW9BK28kYSEyQEBJcldrKipwc2opJzlFIzpfcWUs
XFI7MyhCVm5YYyNKNiZcSFJKIl06TDhiPWBfPFYmLzNtbnFRMWBMS2RzcWJPQG9yckJqWVdjNmZg
LSNdajVyckJoRmYhIWEzclgrU1FZUCsrLlhvJkZhJFJZQUhNUVRhQUJrXS1YOTcsbmQsKnNEOzVP
IkUmbl9WIV48YUU9Z2k6TzU5X1RsbF8tJyEzdE9zcVVSaj4wNykhJWIyRTgsYGhecWEidVNadT48
XVYwSjIyXSVzSyZaSDh0WUc2TDsoLUE6O01PN3EkM3B0K3M1KjpgR0U1SDQ7cUorNC1IKnVzY200
SF4nZ0tEbGZQWVBubikmIlRTQiIkY0RRSixdTUNVOUJUYWZSNTo6aHRTXk9yLkZuSnJyP0RtcnJE
bUYuZXI7U15EWlFTcl8mMj9yT01xLlVkNGgmI2xhbWY+Km8zJnJyQW1iKUo9QkdLPXRqTGYkMGlg
ZStLb2k6U0Zeb1pcUHIlPWk4c21nIilyPmxVLjhDQExpJ08lZVgtPG9sOlE3KjRoOzdLRHRxZjgs
aVIrSFtqW0xwMmxNWDUqb2gkbXRpb2tjZzoqLkMlRDkoV3Ija19rNHU9XyE3Tj9za1FqOSVrMylY
XkJDUFo4cU9gPDsqLjFILlhDUls4cURQMSJBWjNpZjVKIjg2UWNlbHFRaT9xVj9YcG1eRnE2RmhO
Jzg9JHIlbU8tcidhakM7YzdgOyEvUSRZcnI8MnNySmB1bUomLEBoISw5LFZpXSJwSExta2B0TFws
O1RcRkklYUFYaVdGbGNvRzA8RktiRSEnSiRpUFpAVUNuLUBrXl8jRkRmTzI9Y2grNWZaLCpAJkd0
Pll0RyNiV1stKmJQcVE6QVhFQDNeXDY2bjFdSUk1Z2kobjppOmhyPCk8NE5HY2MnMzhkclxAdT8j
LmkmXG83OyVqQXQwbE9cNkJjR3U4ayVvJSNIRXJFJnFUWUhDK0pZaHVpJnJyQj9jbG5STFpGMk9I
TWZ0OW85TzgraDNEdVAoJS9fQmpQSippSixEMTcsWDxIR2dyTWxHZEVeTlc/K0tJTyNIazsyNSpI
P2ArQTsiOWcjTGpqI2VfLkdwaVZxcm0kWS5jSVBUKiwnMUdgTHFAaUk/UlMuO2NfZThcYT1MRlZN
VShcc05EQmBXI3AjVTlFLTRwYGsiTGVIYkhHcnI8MyFuMztWRlhGLi1bYC0tWSJQTyUtIW9tUV9p
XltLWlk8KXJrciE8MHVGIyYhbi9JcWluV3JyPDBSaTAlND84KWdSUkNYO2tNbzZmNUBuZT4hUm9k
UVpSImVEYDwyREJEV25PKUVVKF08aV1daF09QFgtLiQyNEhCZzxIdS5nJGVRM2lOV0ptY2g2L0pc
REoraVNrJSksLitqYz5pMCEnSiFLJ2tnQiImREc2RzRSa2lbP2JEaDFeWkNgMC9iT0tjbTpMY1pb
Wj5DLW9DZjdLI05JYlpEXFZ1KXJYZU4qcipvL11WNiMwbi1WajFYWExEUjJsNyRMaG50cmkuXWFz
LCclW0NVMEBfRFo+U0dmSityTiIhPDM8JV9VWjcjInRqKk8iRzU5NTI7QkhBLEUwQjJSSGUrRiRe
SFBCaVhiI3MrcW9qQEZEWTcjcCRAbT4wbFZzT3EuZXRZYjFMVCIjJldSJzsiSC5NX1A3bTJoJDhL
PXUxT05TSTxbPk0kMmc6NDZRQSM+TktGN3VWVHA4TDliMWNgPiNDUi5sb15bb0o5LmEuQDNNUyhJ
dFJvby1sRVQ0KUo3KDhOXTlcUXFPJ3Q5XDQhLlNhNFhicVY/amFWOSFnKVw5X204YDsnTj87OUxy
KENKc1g1Uj8pYSY5OEQhMiRxY25nZypCbipGIkxnOUdhKT8oLyUwQyReKi1tRjFyMkJuKkM7bSsm
N2RJRlMwUjAhP1JTWXV0ZVBGPkoyTEM6XWMrOzBmSkkhNlpka2lrUDc5TzhLYyNqN2hxMnFjKWYl
IWUpVkgxQFk7RHA0JXF1ZUsoNDxMVEtUcD5xVDZSUT0mS29aTXNQTmgsaWdcYEJUKWElNmNYbycp
cXNqRG9KPVlsLlheRlhAKSs3M2BfcT1xU1FXXnFgXUpHXlRwWiVOTi08I1Q8bS5jZ0RwcixeUEMi
JTxnclNgUyQrQEFHc3M5aXJvdSExTjJKQWdTLzJYbzBfakVaU2coKiVsNWhpPiYiOyhuV1F1KVJw
TGc6SSpxYGlnZWBJc14/Z1lKcC1oXGVTLSw1SD0wXj8rWzhVaVxQb1IuQkVNcC9vTVFpPENBcnI+
MHJsKWRKUShCMnFiITwnR2wnamM4bHBnckY/RGJbUkJlZzhlSy9OKCVJTmFGYGZNSTUxYj9nRTNt
Zj80Km5AOmwuYmhkPyhhbS9JKFduRmNkb0szNW1oXHQ/VnUvcTI+V0lhdC07JS5NaFJqYSEqPjo8
YDAlbEtKI0xyWCtNXiEhUDpOP2dNam5EKGpqLF9TNj1YaFk8LjJlJWA4LjInI29xW15OV1lEajst
KChdOlwtcEpvZG9fKSZpQl5FPEkvP05iTEkpMTRtQlhkLDNPVU1KYz9kcDs1LXEwKEJpITRxYztl
YyVbW2MhUmVxbTFVTTFycj0kJipHQ28+UTY1WVsyO0klZlolKDRVMkNXRS9eamNtLSYrSCgrKEIr
VTdCQW0mSCcxXTssITA5OS06UFssTi5mNWBiQERmQS9IP19EWFJgJ14lX29LWidvMmhGW0BXZDBF
cnI+Ny1iSz9fSUM2SjBkWiVyOitvTUwraT1mT0gvTW9gUistaENpN3JEL1xjI1BEZjNCUk0wZmQ9
IlcucDhuKWU8MHMxJW4+bltLcClPJl1kcGZ1aSEyISdTLihuSTdvZ1J0Uj4pIkFZbEdsVTtkP2Aj
JlQ9Jj1YZzlgNnA9U2hgclUkK0RMRHE9VSkvTixWPWpmWTsmJ1MjcztNRFIlKUxTP2dNR2ZPajty
TWxDZFdecToiJXA2NzpJWVkpWj9KR0pbY1lIMXBVbCkvTyEsNVAwcmhCOEM/aStcRzU/PmFIQXRJ
aiJkMmArYl1gImtLck1sQ2RYIT1kPWpaMzM9SS9VKjRJYXQmVEMoMU9DP0BMRU1yTWhtVDxxUShl
SWdnU0pgO1RpLiI8Sy9hP1xnP2xYXC1gNnA6J2AucS9TcTZJSUklWEomLERJSTxhSWoiODg6cE1i
aCdScE1mbyFnLHJRXnJyPz9ScmBDOGtsIUwkZ3A4W15ZP1hMXXU8TGBMLj9ZUDRuRm9NRypjTzJr
b2dwYClSRW5ANCVobDZNRVY8WUstYEpTQ0s8VEgobT5YZGRCRT1DVV5PRiRUI1codTJOKyx0Xyty
bFJJN2EyWkhZQGUvRE5kZE40KGlMcVw6PzYkX0xqPCsnXjBEci1QKlw2bVtwMWpRL3JYL1lTUkxm
K1lfbGpXbCpXMG1WITV1Y0FcdEAwWls2RituMzwmdHBFRjcvTC5FQys7JmssYDtnIjVOb0lNcChP
KkxVRk5rSTdncmRWLztzNnVkc0JNWFpbZF5UazR1aXUtdEs6VyRkczlbci8lak9WOjdkSSlJbnJy
Py1uKCUxPmVxbGNIMzBLVFg5bz1jPGhGOFJccWE0JzM4SWcpM0tvKHE0b0teQCQ4b2o4LFBLPkcu
KmtUMiwjKm1YMS5PVzktIWRiMzcsKl45QDlpOXVNSzNSUEtEVjhtUC5JZDBgYSxcUFhMWiowVnEt
W3M/STBESzw9bDw3a2Y8NzglRFspRU1kTXVMOlhoUzVNKF9udW87K2Q5aVBeTmkyT3FQSGonZk0n
XD4uYzdrO3E0KFwxbFUmbidtL0koOSsvTlhSZkIkJUlmcTFdM0BtVVt1RVhxYjslZVhpUHAiO211
WCgoMF48VCo9RD0kX3NYWD9rXkJlaiUsRUhxPzk2cnI8YSFpOTJHUT1JNnBMcnJDXkBgVyNwJj9Z
LFNIcnJDLUpeKVxdVUtVTChmZmYiOjByckJsSjVOJlYtJzdYYCJNXS9NW0tEUlwoTnFVWjNIPSFI
SFBHcyVCYzI2QjQ/aHFFOF5cNydXcm90b0hqZk5ybnJyPDJCcnJAV2FyIiZhcXIkQS5kPW9HPnQ0
KFtGb0xtTHJXRjhfPCRfcmJbKSoxLVlNNzJQbTFRaTxHc3JyP2w5bmMmVV8tTGtHc0lNTWs5cnI8
TitBK0BQRkEnc29qTGZQPFUsbDpoMm5hIzowcXE1UVwhM1Q2IXBccmlJb2EuTVA9Ui1fXHFRPyoz
RDBvbzwmIi4nU0JmREZvWiUoNE9DXEwiUlgnOjw2YlV1blwwNHRXYWAyV1t0X2RxOHFrJzRKKVhA
TDlrUyxXS0hXRiotc0xdNz5Xbyk1ImZuXWQ+UVtFaltlUkQ2KUAnO0J1V01IZDg3ckc4YGdjUj5q
YkR1TCU2bj9eLCFuNTJGRi5DSHEwY2U6MFpcYWE0JShQWjkzbGRwSGxtc2BlPDtZYUB1SihIPjM/
aElkdWIuMGIzL2EpTVtJcXFqN0szNURKbV02JlIkaHQ4My5HWTZPUytmaCgnWWltMXJyQ2VWSitR
YGlKcShWRDVJN0Y0JDJwMSY7PldndGVpbUU2ajM7cjs+Jjp0R2lGRGxmZ08ub1VvailPW2wjOXUx
PDVfQi4hNDVpLSE4R19vO3U5S1VwMXNHRmNkRUAiQ0ppRjNVcUZARlppOiNkbFxNOzghM1hkcjw/
SWI4a1BUU04qNUQwaERgNT83WCRVWkU9U3BWLVsoJyhYVEFpV2BHV1diQD5sSEpKPGZzMideWnA8
Vls0Ji9paHUhOk8vQD91SzkjPF9tOSJnOEloSSMsLEdBMCIoJ1hhRkppX21CVTtOJ2czNUFJQiYt
Z2FtcV1XbTJ1LCgzTUcuNm0hU1pVSiJIPUdealIpaUVGNlVTInFjJitAOW5odE9uWWItOk8sKmRA
Y25lbiI6NExaPUAscWMmTFBHK0U/Szc0bSJycDwxXlhXKycpVE1qYy9xV0RWIXFPJEQ/bm9EUF9e
Pk0uW3NdYCJpa1ZyQ0poR1dXZFRHY1NoRjdbKmlQQDMlcmpEdUNWUUJ0QlVzWEJTMnBrXidBPW1D
XjQhRFhBZC44Py1GYFlwayNoTj42LDVmLUk8WzkkYjA/Kyw7XHBJYCRUbjRaOyJpcTtqTjInTjNB
UzdfVSpYMmNfR0w4YylMSnFjL11jPVBjTDBmXF0yPys4a2hlRGA0b29taEwoS19mRk1KaV1lJT5c
bm1eM0d1ZkZLM2c8S2VaTXNwUjAvZU1PJkRhSWVIV1siNnFjLnE9PFFVcjdvQ2Y+NjQ0cmlIZi8p
VVc8OU5YS3IoNXBlIjhHZFtsb2xvaGBlZ0tySidUXTY9R2tnPnIvMy11JUhXVkhDRTwpLW9zTiZX
XlpvQmJEYDAlWXJFQyJQZyY4bGZZN0JNa2tOdTspJixjLV5ycjJ0IT9HM09lRiRZW0pwZGs8UUEj
Qig6bEA2L28sKWFfRyE1R25UWGJsMyVDTkVqIilmQm9YbTwvO0tIaWEyKjVJJy9BYSpqcThVTCpQ
JmRxcHE0MnNpQnI7MUhibENHWVpkck9QMCNJYkEpX0JBaTNFaV0tPnQwLlpGVkhKWTRkQlk8I0pq
Y2osY1lLREBpLlVWUWM1QTpZXzFXNFU6UEgpVENVM0whX2xsPzpEVlhsIyZYYWVwRihdQUtDYzI/
byJBLFpkK246KmUiJixSPmtJWFAtcGRwZ2lpQWNEYERtN0poMiw0Zjo4SilmKjVxdDknI2hxSiQ5
NTJfQyMrUS4nIjE6akZTMipcO0MrU2RTI0xiVyVlR3VHNUxwaU9pWmtOdVVwSiYra1ohOHNaZTEm
WygoaCVTYkZfVHJIaT9ZYytVUyxLKj9UcmwzYFthcV4vXi9zYHNyckFAamZAXVxEbEZiSSdeWzBN
SjJaRDBLXHBdWFpycjwmYDNyXTNSP2k1UFJRTGk6YzBEZk4hXjI4Nm4kSipBKFxbPU9oQjE6QEhJ
M3JrQEk7Qzo7X0gkO1Alay5HWEpuS1BmSVFAQTg0ck5cX1wmPDFpPVA3R1wodD46aFJvLlVCbnVd
K25mWSQsPUFNJjxQNUFLQlwpMTQiMUJDSmo5W2YtPSY5QW9cISIlXWoiISoscl1uR2BMMz9ocyRm
ISk3JSxjaDRdXmAjK0hGMSFYTjhec2kiIXJyRDY4ZVgnNFJpOidfKU01ZWZ0VmEicSI1QUlDJEdr
OF1oRD4yXCo/UVxLdGYsc1ZLMlIuJDNeXFRqa0oidDgoKjpRYDxaLTMtREJQWV9qTFclU0FFRyk9
RV1OX2VmcT40L1BxYzhCc2VwWlcrNmlPZkVpcjkiXWRvSjs9YiJnJmBoNmU5R0Y3dVZUcDhuWTlJ
MVEwOm5PcmxePlw6KE5AcCUrTShvKl4uZi46YEpRaTBfUk5UPHJka2g9XXVuTGBFPF10Pi5aM1Z1
ZyVxYzhLOWsvQT4wJWwtQkZAbC0mTEJQOytYQW89JmEpMD5NT0dFbFtXPjUhZzJyPGkvODR0Pik3
WywhcF8rMTBtMWg5RycjJ05OQSkxXGYjW1MpXHNPLV0jSk1wdEVucFwkX15LXUdAZ1EhNjsxVW9b
WU1aVjNnNTYrNyE3VnBJaEkhWzdBdHUwNTo9I3I7RVhjck1yaWUqbj9sPjIyNmxYOjg9R2g9Szp1
ZFZKJm8jWzknIS4+YkFFJlQ9Jj9HN29AZCNKJzIiMmk6XENmWz00U0UhNVQvXDU2OEUqT29HRDtV
T1ZNWjI+Tk0lQ0FnMG0hLmw4QWFoSVBScmw2QWMhN0Z0Ym9cVHVUITlDQV5ycj91MCRmV2k7UDgt
PU0pNTcnMSJgWEpBT0I5QCIhO2NULXJyQ0dEPTMiP2FwK1E9WV91O2JcIVdOLiw+K2JlT01TOy1Y
WTdKVTVxKD1CRHA/MkY7IiJqbFohMFVOUHJQL0A0VjQvNkNaIkkyNEZnNVJkVC0kRXNmWCVcTjQ0
W2AraFIrS3A9cmQzLiY5azE6R0gxLlZXdDlLVzFjXDNqR0d0MyckTVxcXmcoITUhSHQyLVkqRXUx
T0xXWzlZWzBWMDRWMlA+QWBFai9SQmBBKEs3WG8nU2ZLUm5bS0F0az9bMmkxS0wwNkBqJiw6SXIu
O2leUzBEVEI6UmsuRSonbWo8KT9cb2dEcHFjSUtfdUJdUHIkcXJwPiRtKlhIWDAtOU1YRFE9PUpE
KjcydHNgSVhMQyIlQC1NOGVjSUQtLyVcX3MzQ0JuJUY5S1c0c2pyT2QtIS5uQVIhNVVpXSYqKDhE
TTQrdEFfa1AsT0J0JihnQyVCRzFlPCpzLCZeNC5uKFJzTjAoJkBQJiEhYU5uZDRmcj1yTTJQL3Fg
WDFJWUZCMV80VTpBY2ApLUk2Y2kqVjwhLEBCRXF0amElKnRzKU1wZmxcJl9aJ1RJSHM2J1JwWHVw
JyVWWUZ1M2dARE9hdE5SJXJyQkYscTZUa0xuUz8nbSpeMjdQUE4sR3Q3J15SIS4rYlcwKXBlQ3Mw
RF9tTlYtZ0olOlBJIktYTzx0XU5pPnBOX3VCXUlnNCtNRlh0LUsqXmdWXG9MXTdAQExZXFRsRC9c
ZSw1SyZXOyRYITJtSTBdW0NyWj9CJj9SQi5WSiVrbTI/aGspU1lJOHI9XCJFLmcrOEJARyEvPi5b
RlNJR2pKJlRlKU5naFNrRmY0W1NjdWQldUNOXVhXOVZuKlM8KyNDbl0wSCc3a05ubWhxXV5MLUg2
JicoWE0ycz1OdTpbbCEhc15bJ104NGNvNCVbSj9oVlZscGZJRyZgQG8kUWZwZyMjcFZVP2pxQ1Rx
KjU1PEFaSE0+P3ImOEtnaEJwLXE8TmM0USokWkdrJio0IVFHcS1XZDQ9JW1UT0lpJW1Dck87NUVk
Zig+aSVTcF9BLmNKazduKEgxLl4mY1xINEV0NVA/UVpwaldDPmMvKWQmInVmPVtOSlFLbWBjRHIx
OmVKKCVQM3JSSEBlbC8pWEQhOHNXRW42RmNecnJEKExgWkwtcHIiJlFJLzJHPypZNm5IJS9AJyNR
SidaWmg/Pk5xYT9oRG9WcWRnTGllLEtDTjU1dFY3RXA2cj5hMl45Zk04J2lgNUlDPlFuL1RoSUgi
ZXIuWF0jMCFyYE5HKSE3cm4iQ0Z0Ii5KJix0ZEMtVkspVEBiWXNkLzVENnArOkArSis2M0c1QGpg
TWZqXjcjb1ZsPSIhM1RBO3FEUSdTTVkhOVBMaUUwLT9QTWhAcTA/bztZUHE1ZFpGaEh0WmA3SWgm
LDBgLmk0biNyJURGKU5hKy9QOy1oYUVzWEVmK11cInE6MWI6S25rcWwrJi5sRyk6X3JcOyhcPFQv
NiRJbTlAXCQrcjMqLUc7KTI0YWlWTDJ1YGslZkNTOCwhIUhzNU82P0pBNUFqZztfNWNgYEI4LTZx
MWdWQnIrLk44MWIpMFF1QllXcjleL3Q6MFFHNzI3IThzUWNuNTJ1Nl5bUCRbS0cmWiZwbC5OM1Fc
W0xwMkVxUUQ6PT0mNWxWdElxITg6Oj1ycj1XXlk3SlNIPDZdSlgySD5MLm00K1teMih0dWdDMThZ
V2gybS0mNmlSLilJZl1QYWhacUpib2ZZUDpEb01TNl5MUWFsS0FrdFU9MilzOEEsY1AjPVswVSdf
L0c4bnBWcmcrSWJmMmgxQiJoNC5zJVw3VT1bQyMpUmtiYTk+QzpLTXA3LGQvLG0pKT9iMi0wOlZZ
aE0qWUBoTW1ESXQkQSxaZ1RxYTEzWWUlQmJsNHRUQiQ1PkxfOFg/WXEqIkgzN143Mi9aIiE2XGFH
Q109Q0JDWlhJSzM/LGtePGZkLGxHWWM6WjBMdGldSGJhV05CbitUPVpKQS5mP2hrJjtpLnRzVDUn
S3BMcDQnZExKJVZjRHIvZ3BBQitEQDMiODI/YjFcUUlbXlEzYV9uUGVFP0xbZElBKVFbI08qa2VH
aUhfXUU5cnI9V1tRRy4jMyEuckRuZXJZQCc1SSFfNy9pNjoobStzL1xRaSdDJTJ1YGtASXNfMXEr
JmArPWdGMCw/cnJDdTkrMT43JjRwWllTL0BFZUdJYUZaPk1iYGQpX3NcPUlnS0BmVHJqR3EqbnVm
Xk0oXTxybWMnRF1kLmZAb3UhLnBGNmhrKExxaTFOOlNVXEtjLDU3VXJeKloqOGtyNGA7WEhMTGZL
PFlHRTRiTEY7dWVsY2VPXDlHakVvc2hUL0M5Uj5XJ2I6L1o1LENuIjh0WVcnKihUQSFpR1hfVSEj
ISVbP08tP2ppJEZXIVFdITNBLCp0WCddOjhQNzksSSZFZm1pN04/Z0Q6LGU1KSpTbjNdPmRpXl5q
PSZxIiFgVGA1Ii06RStQcmluc0dtZXRZMFswKDM5S2Jra0A6SCttNllodCwiI15cQl9pcDMhaiI5
KEFQQD8qMmIucDAjL2gqVXIuPHJyQzRxcS5rKytyZWNUSVZ1SGFLXW1lSTc9NyJFNShBTyUwMita
Y3QjRTVAQzYxRVlvbyUyLVFyRzk3QmF0ISswW3UsNVg6RSEtUm5xPF46SzZHbEghOCckSlpGaSVH
TmkiJDxjYz9YbC0/Jjllbk1CbD5yTWs1Z1dxXWUmXGMwUCFbPlM8PGAwcidFcmYpRENGWUIkWlg4
W0ZhcmpGN2twV3FrKWAvYkNVKT5KOjQ6UHRgJ15ATG9HJGdAPWdOaG5FLTE1YGdQNU4lZ0FaVzZi
P2hxSltaJ0AlZjJuREFoOGlwZGhCWzJbNiNcPzBVYkFjRGFyWk1zcFI9YVtnVyxROCdccnI8M2lu
OTtvaShdRzo+cDJvZz1cc0ozUCE0OURyKFxqSEpyXVJZXEBmSEYuQ01iYSZbPkhEX2YjcT49Q1Zy
QyYlaT0yPEBIaTluYitJSEVhUl5kRkFNbjQlcnJCUUFgODs7WTNJR1E+WVdsZ0c2Y1UiU1huOChG
TlZsQjBsKzIjNm0oXi4nQWIpcz9AZkhHMj9iPE4qO3JEVDI9P1p0OyhAW3M0ZklwZEdyckBeWjYr
LDE9XTlbQGtjJ0JjbUhTPj9ybzUhbWJyV2thYzFsbVElW0RcW1VGaXRqYzhHSG41cD1PY01xLm0h
J3FsPSokcCYhRWxtP04tanJuaChsR0QjbnFAXDg9R2dUKFNRaGk5U0FwLS9WJztCT2M7STxHUGk0
YWFJL2pWPCZpLFdPcVNYckFNLFdOWS5HcWcvOEJnUDo3ZThtI21dOVJcLFpodTQiRWk9LlU6VUFe
b1AmcTd0RiNCW00hRGkrJmBXXzpZYkRyJyZbRXJRLWNjaSpfM0oqV0FJXGJmLUwzO3A8TmkwWkRg
NUpeUVJnPSM5QDhfL0BASGAoUmElZTFqcVwsQ0g4OEFGOE9JWmFYMV8pT1lpRDAsRGJuQHNlWiEs
QCM7VDJncU1wcCZrbzJjZklPWGBzZEYwWTpdYl5MZEVGajFrUG1eRXBYLyV1Uyhcck9vc11tNmVv
MDBNPGFkaW5cbzQ0MlpBZ3I7LC5DXi9fNzdtcjI7WzMxN0ZeSmxPTEwyPmJPVz8/dT9yRThmLFcz
Y3JxKkorIis6b1JsY1ByV2s9Pl5ZMzJXKytzSzhqOFQrOz9QLkcqRG8uaUJbYW5Vb2YuVV5HUE82
YklhMzplWzBEci1IXVhtZ09wYVswSjNXQidmZSwoOVIoWVRvKFEvVztpcnJDISg2MnBxVlokRitN
QWNEYj07LTBXQiNQYDVxSihaTEtEVUFBIzYpcltCQmA4SWdyckQlaVcqUlswYFRJMSNYaCkqMD9p
JypOZkFrY2QnanBcIWRfQldQTmNzSHUnP19iVTQ9KEVFPXElYGRsZz04ZHJqTS5sZ0EsKmVZRExC
LGBRJWgmO10scENfYypRNyEyZmArciFgPilSKHF1PypWTFEncFAiK2wtLmZ1KEY3dExpWVBePlVD
UjxiP2NBMUIpcG1sMUJsJnUmSFdqVmosPD5ZVzRudU1Jb2BFamg6ciNhbkI2Y007Pl41Z3JEZGQ2
KS9dVSFMM0FKQUxiWURyUF5pLnAxbWs0ajwjM0dQMCdbN18jXDsiOzhycmVFSDIzKlE9SDBEa1ci
UnA3Pz0oMTZlKG5Ea1cwVEN0REI9MD4mN1cqUlheXiw9RFctTjJKcj9oPDdWISp0KjtYX0dgS0hx
dF0kbyJcXCNtXHNBM3IxKGZrZXFRVzJjUEtOK0xWUjc4clxPPmlqMl0uTSY6QDcpMjlWQkpuSjhH
X2NdZShFSSZOZCtyRSZ0YllJRDRiR2YwNldyTmEnYFY+ZVs8ITNvbWZWPThdR0lnIyJ1QmowdURC
ayFBWVNQaWZGcFYoIzRbSnA1Mms1T1ghcWVLT2NybClYWF46RixOci0tV2goImxBN1FCcjpNRD1K
c0gmLGEjazdLMGRxZ0FfL3IuZkdWJUwkdXBfZlhwaVNlaHBlOnBpYkNkbkdgSz40PyJnW0RQJWFD
b25rRVlKKG4rO1lIWycibWp1VEhpTmdaSix1WUphMWdILkE5RSwhQXEraFpZbi8wcWlYLFg7XWch
ZmgyaWh1MCpuN3UmJlI2UEBKRjVcRCUnLWMmcm9QKCZrW0NdM20zSUtMaG83LTVySV86LUpJUSRg
ciEwOT9UTnJqUihpYlwwamxQRV89Pz9QJlxsWWBIcyExJE8rcnI/bDluYUdEXkpHYSFVPig0b1I/
XD5QI1Y3Ryw9QSQ1WD1gU0JBQ2ZDdWFQcnJDclsyU1dvZkMjY3NeVDxmb15ZUDpaJEBCSjl0U2Yk
dFpSaGA6Y2JQcVEpVUFgUz03SzM/TkFabG9oRz5ialsiZFBxMU0wQS5eSHRUOmtaIms1NmBdKSI2
KyQ5SyZfK09fLWkxWkxQWlBeMUg5Q1NHO2RXaVkuY2c7Tm07VCVXY1ZIWCEiZjBCKXMvVVdRVC8s
bV1rISNHUzdpMU9DL2UzNSxUQyYhVWdyckJucEA1ak9QQ05qdW9BXyRiMnI6NWNqWTZYam1uUzsv
ImckdEVJVCwraFEycEJtXU0vRkpvRHUhclxyM0Q3W3JIVkU+bmJZJz0ybU4tTnFgYWROaVBxLiRy
cj0rTzRBbm9SISk3JGtwVGh0Sik4LlJjTDN0LjpTZTxSPlIjZWBWITJZYC5EaUQkVls0QiNjSEBL
PnRrT3VPZFNBNCU+clhaTC5ZTygkNjkzXGpScihlJDwwIltrQ2Y6SEU7YyY7TzpGbSEtJDlSZCou
XkNpYkc+cVotUXFXOkw6X1kvJDhcIkNENyExKENiVUFrNTdbRDJfQSJda0VzVjBsJjVhXzErSF9S
SkU6ZSwxLW5aLy8raXFQZURwcnI/OichLk1dNT0xM1VwLjZcVSRyJVtzTVhGK2FQPFEyQSxyJDZL
WEJBMmU5bnRNI1lmRFx0UiE4bFpsXUNCImlfXyhCOkBeMWJQOipXMypeW00xJnA0Y1tjL2YsUEo/
R2Q5USE4Nlc6ISs1UypwI09TJUgyQ1lubjQyTjpLImFKRUIoTyJBISJUOCpSVXE1Vy90RUlNaDRM
I1NwUWJhWS9UJjhjWEIhZUhnOnMqSHBmZEdCbWdZK1NXLio/UWApNEoja0dEMU1bOFdeKj5iQUUm
VD0mXmYzdDFyXjxJK0lBYW5vJ3VxYz8zTEo/TTFQVmNQODU8OU5YUzIicmQ1XllzKUZwa3V0N21E
Ik5AK2xZJC40JmBTV2JkPmtWcTdPN0lYSCxVIlhEJTxPZzteKzFWLmIkMjJxT0JwSCNWSkA2ZnVR
Q1tGJ2QrY2RsMSZob2cnWmFwbzJoWjItJ0wpMVRKKmUmNDBWSG9WKSdZJGVUS2FIImBnJkxXaFhe
XC4rPXIzPzglWSs3YklDW1IqJDdhImY5PnQ3WihOb0NAVCVodHU+ZERza1BJWDFxM0orLSQ4RzR0
WFlpXmBCNUNtTlkmSCdZJDVNJF0+PzMmYFVCI1E4WlhxQFRSZmcwVD8tNl9lPUBDYzshUW5IPzsu
W3VZJz5gXUZbSV5UOUMlVlxSXykoXFlsK0EsNU5qb0QuRiouSWNvUFRDdVg8cSolOTUsOkh1UC43
WnU6IStfVSRob1I1ZkdraE5SakY3Z0IhK3FjMGAxZ09BX0pMPElwLTcoLnFoW0pAcnI9Vk0hIi81
X0RvOjtUTDM0bGtbSl9pPFJQQyhmNl1hYGIiN10xXE0iJGFdOVVcX0JkOnRfP0NJazt0LDU3Mm1Z
NkZHXE5dJGg6KnBXYipnSEhzciVmWlAiYFhrQFcnbjdrMlZhSClGTW5XUXRuYyZTQjRlS1JqITo/
RFZFNCZDMVYoNVhIKFJcOzZvcTtWOmNcJm9FPWtEXmtwLSxGWzxbdGRTPy49XzI9Rys6WT5mWGZa
TWElXWMjNWdPNTR0Vi5cbkovS3JpVmB1LG01Z1EsR1EuWG9VOT5PN0wmVi8yVzhGcD9yIkxxbW5S
JSFhIl4oUGtnQE4xI2BILTgnISFyamsvY086OS9BPihdYFZcUWhCM3EvSy1kOm83V29MKS1yUkYq
MFI4WGhpUSNDNTFfIzo0SGkvRjs0PTcnO1JdOHFnKjFbbTwhaVZybGg/ZCVTSD4qIkAwMDxvcj4/
aHMiPT88PEVTcnJDTU9gOyR0JiV0SiRWN1NpZSwoVz0nJElhPHFRYEhOcihqXzsyTWsuPDU0ZV5n
XkJyZWtSbCEpMC1YXVxpTnI/WFY0Nl5EUXROaThbVmY3bldRO25PI1xCTnIwRWpyTU5IXEFEYyop
MF8vaVNlQE1IamxFLFInUFtGOEZePDsuRUI3KmRLQElpXWsuVEY9N3JyQ2RhKWBJXUFiTlJIWjoq
Nyw1MEM2KCVEZFYkSG9VUlRQMDZJWyJhSjRKQ3EuaE9lYlBxUl9DXGo6ajFaOyxgSistOCZmVmNY
ZCdfL3FvWEwoYjRyJk83bzsvNylYZ3RsOjU5LChdS1pNc3BeaF9yNGJyckN1Ll5UZTlKcWIpQ2tS
WGA9MSZhNFtWS0RsXDMoOU1qPWQvTj1yPDt1cmI+QDc/MHJyP2w5cCUvLmk+UGZecWNiSGtIXzpv
RT9wODdWQVlOWykxcGlXTi5pYm9IRGcvYXAvZ003UzVkPTgxLFlMI0MjYlY0PSZFSjtQSjt0a2U0
byYjU2ZqQVtWVl9HbklbbkZRVmRCRSVyOCk9ZElncFxSNkpqLDRsRDkxZVZaUWk8JyhTSjA8PnIy
WDMjcU5xMk1iP2hhWiEhTXVuWCsrZTlLRHRvUSxsTzh1aTFLaWRjXG02M0hzLCNhZSNxc1A2ZDwo
L1NzXkRfWGFlcSRsY29HMD47LEdwRlZqSkhqOFQsNSYqIzpFcWJkQD9dJyUiPSRAIVVUMnVYRlFA
T2xwOHBnWm1OYik0ZCVwSyJeXFlzblptPmVJIzlxPy1gdEptTm9BU2ZJXVxJcUooMF9SSilTZFdq
ZVlMK0QuI0M9Ky1yW3BTYW1ycj87dXJyPyYqazguVXVJTUxoMzImVDxEVWQrWjJPIiYhK28xWyN0
N29NZUcxXUBgWHJyPDJhcSJzcTtHW0o9OyonXC1aZz1AcDVyW1tOUGpLW3VOUVpMPiRbXipqZ1Jr
TCpaXlsjQS8hNURQK3JyRHM5LytGIyxoUDw9XkhvXHBrRG0iSShWOEhfZ0IrPFlRQTYtMjFxN15k
NHJyPz42WURrZClZQCJeQlg4PyhMZ1JdaC1LKT5Ocl5CV09maVNQKmBycj1VX1gnJ3EhMEUmO0Zj
KixeNXBgZz05ZSxLQ1ZVJiwxMXBZSVdWLmtQOE47aClZW1lCZG1wcV5iWGFyZWhLKm91XFx0bmgj
LGw5bz8rYSEyaVUzKCVtSHI9YiMyaERIQGEhRjE6TENtY2c/NUlhYGVSOlcnQmgwQW8/VnJdXjZT
XkBMcDAjMShOYUoqIWcyZkRNcV5NdUswZy9Vb1UsKGQ6KFs6JlYkaTUzajorXisrQmU5LSRDPV0o
X1ZsPzJfJzkwI0ImZXA2OEYoa2M0THJyWDI8cEdcYHFcOiVYYDkjcShyOSdZaFFhR1BhR00+Sz8w
RTpUbUQqXlYsUilIR3BTKUR1UGFyITEnbGtKVWJLaUlwb3RIZ1k7RnBlLEM0bCkuTiosTj1ZYGRO
TlY3PyExc09ucnI/JThyQUJyPzxIbXEmJilhcylMWyZJaE5qVGYqITVLKGxsUSc9aGJjMFJqa00o
SW80PlprTUomLCZHJlo1STRyS11WaUM7MSlUIStvIjBsJmZYP0dEYFBzUWdOV1xudFBdT1BsQ2Es
PWhmPWAhJWJuOD02QFFBL0kwNERaTEAvbWlfS3BWNDV0KF5DRTxjTy0uUzlRTTZvak5bZSIoPFFp
MWAjcjtxSCpJaWolZ3JyPDJzcklYXmcmVVpna1hFOiokXWNKYTFeajhfTjUkVXJqOURiYnMvLG0p
L1hvQUMwPFZWKEQhIUxDQVNTcyFuXlk+QnQqV1hlN1FNNCUxO1o+RD88M2xOKGNgT0Q+QWIxRTtY
TS5ZQHA9PyFsRiw0OkVHaGcvWFBycD9VXlw3WUo+aSxpOzI8ZVE8cW5yNz1yTFl0OSsqYWpFKyth
PltuUDBUSmA6czZBZGREOEFJJU1xZi5VLSNmZ0FLRyIhLnE/USE1V0ZKRU0zKjk8O2lAUEBkYiNP
VlotWC1icTZEXTRGKFo8YWFFIkFDTVJHWyEnSiReWGFRdUUhIVBPYVknX2h1LUBYJ2MvRmVfb04l
TUYqJm8vQ0pccCZiLjRSX3BDWDgtNXFVQFAmWSEyYSxoQ1tldDAmLDg7IXFhMTs2aFtfbV1DUy87
SGVwTCUqcDtgWyYhJWklc3JUcTtxLl9baWxcOUJVRjRBTDxiVj5JaUpCX0Y3O2IsbHNfMDs4OzlM
WVNOazpaKHBrQEshQlkqNjdxUkljI1ZnXU9jLjNNRWZORyo+MEImckFuLmlxPi5YZj9UN3ElcjNE
M20sSzQiKTRDZUJrIkRAYDdKcl0uPSVZJio6TkIzRF80OmU6UjxrbUIxKm4zJiMxK1RELkooRT8v
cnJDNHFbNzEpcTRfc2VRNjFRMjFbdDRsSlc4ZEJDTCk+RiVQWkBZPkMjOTYwMnJjIlQuO2QsQl5Q
bE01RkEiMi1yWUQoKSE7bi1MLUcuZCVxW19AaFxzP0sxbzctIys7MGNPQmYiRjZRY0VUSztNVGZf
I1lQKio3OG5UYnJKPlxUMF9eWmJIbFNKQWJuTCdBWy5IK1doZjpOZSNidWE4YypKVFYtWGEsK0xy
M0VhJF1caVomP2QvTk1tMzIjc2B1aF0qYTU3U1lEcT9BSVA0UVgyb1g/YCVPTm1kKTBEL0FTWiUo
TF0uT3RCP3JyQFlqcnJCbDtJTExVK3BdW2FKYkoxP0tbcm5uLWxCZFc5R2NTZlBJP19NIlFGPSZJ
cFsjLlhycj1XXlFjZj0uXksnZ3VyIjdFT0ZHJzpFck9rPEBWPGFGM0MhbGkzazRrIT5NSnI8Kydz
SUo0XltMV1Y/K15FKVhyIzI3PWdnTVxaaTokZDVQbnEzK05JLDNgUjtWIjVBTkprWU0jdVUpLCda
bW4zPV9TcT5VSFNAOj5yMFZkPmtsVEMwSUBGb01IOkNbYzk5bkdUN0lFVmlnZGUvZyU1U2AyNSVr
MnRNUEBUdEpwbDJHbnBYX2hPNmIpLlVBWU5VVnVjYzBtWTU2ZWIsV1ZmSGJcKVNEWiIlMDtKYmdh
JTs2Pm5KKV5cSUg5b1pGb1M1TiVzJCRONkhBPzJLK1RHX2I7cWA0W0JlbjQvN1YvLGFmYV1DQGlW
J08mX2haTXNwIWBWXFFpcXJOPVYuZTo1NFd1NHBdRjFWIlNrM202ZV0jU18jNjJwcWtANEFQVmh0
QnQ7WURyR3BxXlZNKm5ERDJaO0ZydTpWPilDUzRhUURdRHIxPCg9NzpPanIyZm51SnNMbyZEOCU/
RTgrRWFlbjVvPE1uUCNNb246Y1BEZmo4cDA6SGkoWFlxMDhKSSZWVldRKjowVVFHKDM4JElTa1Ii
ZEpkLDA+UG1ISWE7QixhLEInTDVEX0ttI1BOPkVpYl1HUW9HbyIoP2hNMXU1UCpILl5ORW5PP2Es
JHI0WS01WnJOU08uciNYQ11yckBtXldOU2JoViYwKCZbPlhkYmBXI3EiWCk4OiZxQT1eYUU8XlZb
XVtcdEAhLmpiQSE6aDsnay1eXFRRZjBEOT1GUyhObjQpallybWZqQU81cCElRDwkJW84XlIuJmhJ
dWIuVXUxXHVlS1kiblQ7Y0NnYzE3VS1KKUklQyVfUWBbISFLZFpMVlN1KFpmQm9XLVw0SDJCSlRT
ZkJtPUR0XURHJUFOM1EibFJrOyI+byNvOl1mLkJWZDklISQ6U3EiKEtnIk9ARCEqbDgrTUNTTj9y
ckBZOkliISRMITRFLiI5PDxDPCE1ayNELVxoOSdKJE9HUGs1UEctWEMoUE1ybj5RWGI/L15BSChU
KTsnQGotaC0mLz5rL0BlIVRENGIyaTM/RC8hZHNvJkRbIiNuJklMNWUxaihJYTxFVWV0KkhFTyhr
TFthSFBtRCQ/SVFjYlduP2VubylyckFnKllJOHI9WTkrLiVCP3FAbWJhT1U0MDk7RSZRMGIoUFph
cTFtWydcQzFbWWU7ZFlNRFkwSidWPC1ycjwxc3BeZEIpJSxecSJHXmkqMkNxZS9xR2BWaE9nQHRR
UnJyPyghIS5MWzVYNV0zOC9bdC03aSNlITVtWjc2K0hsKTxEZVswZjRsO0hEXlA/LCdqITA6b3Jy
ckReaDcyM04tZj80J1pFUGVrQ01ZcDZDUW8vVlxKJUxwRSE0T24sVjNDRGhxYTo+TDZmYDE9RjVX
WGpxYSxbWW46LzdQLWRENj9tOiVTW1ZNa0ZWN0swX3VKKykhWT9hNzFcciI5OC4ibjpCWkJBc3Be
aUtnVi9sMV48RmclaT8zXHJuXikwRC9cYFlFLUhWSktHJD9aMTBLZFQ8cjQyQSxFcURjaGYoW1Ms
VCJeXlhpRGJqPWdITj9fajszSVBxJFpwXV4wZSEpV0hpblM/LFtnKlZTYCYrP1toXlpEWnQxNWwt
WGJQcVE5V0hiJlM9Zm0scXJsTj4yO3RrXGhycj4xJV9PM1MjM0VPZ1BPP1I9VyEuclhKZHMmUCxJ
cUFXW3BkK2cuWG80YS1TaWpbYmNBME9BISpeMW5yNFBjJyEyPzRmITRLPDJuLEVAalc7JT1rOllI
P1FePGwmV2VaWWRyciM+WTknQ0I3SVtTLVcjLz5gPHA/aFcmWC5fMVZwcFwockReTVAoSCw0amYp
cC9hOm1MTUlGUV1JVGY2cnJCMS9ZbD1eI15cJClhb3NPVzRycjwxOHBeW1ZIOllBaEsoMW0wInIo
XUV1aEwyaE5xWEJGOzxqQC88Zm1pQ2tIVz4kKW5Gc2hMOHVoWlY4KjwsOTY3NG9HWUREdFtyZ2hN
JVNHOUdcNDJMcHMjLzIyRip1LXNhQzs0NipvUDZbdWhGbWl0amZOdSZJYU1ObDs4Omg7cDskNC1y
JSVkSUxcSkJHTTRzNCReTEdVZy5IME8oWC4wK2gySUc5Z1ZHSSMnMEUrO0FCYEEnYWtDMW0rMCE7
by1yTDpHP2lxbU1YWitRRSJuVTYrZV5acVpxITEuQXByckMtNF0oYEJVcnJAWCxyJihfS0xbQFRX
bkhTdCcxLVoiVztWbz1rISsvV1FsN2ArOD5hdXRUZm1hSiNRIVBdWi49NFwlbydaSEByTmduRzE8
IWpubTYlLVM7dGpxUFQqQE88TUVfOjNyIiFebXFhbCVVPkxnQVhGVXNtYyg2Yl9HUmJHW1ohMDZr
Xm9AQ1dzckliK01DK2dQKmMvNXJMKnM7RiZqODg0bl5qPT1hVjlya11dOjcnJj1NM05ALyNeNUdQ
ZFU/UHFhJjFjTUxHZClfbyZfUk5cKVNOcnI8TzlnT0YhNTJqRyxdbV9APylqMl5MXllQXkhOKzcy
KUk6RGVJWl46QjptbkVvRG5CKV4tKkFcIiswQFowdFg3aVluLmV1KyxpcHRkWEZaV2MlSHE+NCsh
aHIkRT1ZYUJmbjB1OztUNSMxYl1nVjRcUF9vJiZKbkBrbV4qdU86SmZdZF1mU0A6UEVndSVcRi4n
KWxacDxyb0JyKWBicEh0ZzdgcFkyaWVGPzxrJUlndFohR1BsZEByckRUQkNbODBdXio8P1VxZ0Bd
JzR1aT11aUdGKFs/YUooMUAkYW1EaVJYXyIyPUhEIllNVChdP2BfJDwkVDdFRE4nPy5oQ1o3NGly
WT1xKEVFbTs1YS1FT2QzY21VT11cLmRXJ05PRG1BJj9rLFU4OyppLUkwQmBtL0koX0oqLWAvTWk+
IVQ3UW8xcjlBb2dNZHRjRVAhNCdyPCJuPzRscGBIOjFiKCRbXVM9NnEqWThaN2pXcWBLIVFoUmNb
SDgicWchQSkiVmY/MCxgMERIcUtsdWhAV2ZtaXU1SWhJLS1yTGZ0VmNcT1xmJSdvLnBoMEhfR1hL
ZDkoPWIjI0FxcUN1aXJJb2AzXkMndFxycjw4anIjOS1VKjUzXUs0S0coaEM9Lk9TZV5zYGlyckIz
IT02PDxWJ1khZGdyckBjTXFjRStbU1cqUFtPbD4zbVBBKS0zYXNoZ2MwRSY7RmMpVGAtaERzSTM8
Szo5VC8ySENaOHJbLnVKIyM7bGglNm9fXi90amVWdElMc1VdKUEwJiQjWDBpLzU2M25jJlRHNHMs
JGVfUmVtMUYqIiY9ZjlXXlVycj9pKGJraXJzcnJCMFkuZjJEWWVgKShfPTJDTyhCKV9rYVZhS3Jz
Vzw/KWBRZ2siVENNVmkjb2U2PUYpTjJiQSM1dEoiISxaUWBwNiMuP1YxLUIqIyFPP2ZCR3FBW1c7
VmRyaERPbz5qNlFdNy9ZckNIYUJpZl9bP2VRYmJqcGhmX2k0LE4wRkg8MW9mSTJCXlsjdC4xQC9C
QSVoRSs1aVpJVmxfZ2ZLdElxYykociw6I2VyJTdEYV9ZMyRLYStjSS1YTHEnX0NKWGEhXlhYWTEh
KidpKXJyPjBVbnVMMTwhOHJvZiZwdF8kciJATlknM05vQT5Ca2NpZTdIPityckFZIm5PcmtdP2kr
RjZXa0ZWVkdKTEJfQmc4bCtNTEdiU0BtdUYoN0J1P2hWYlcyQ29sQSVLZlZTVEpZLmVeUHE6R1dI
IlFdKzBYNUwyOHFuXFdNMVdlYkRHRyFSP09ULD0sPUpebmhrOmBhIW5RMUxVYlNDRFRaaGhIOTpO
IU49ISNhX1RDPyJlai9BcEklJ2c4SiU1P1JAdG05MCRKPC00YWs/MzlZcE8wdWBYU2UnRGVadTVl
KWphViglZztFJlc3NGM0RWJLXiVlVCJqcD9ZPjxsZSJMIUteSlVZYkQubDZqJT1LNDZGbWBLVDw8
VGlhTi1nYXBzbTkjcFUzVnVmOnFjMWM4PEI5cVdMNGpbaThONkw8X1EzXDpiPz5cPnAnTFImckEr
QlFKZmFwbGFoQEppcmw2cXMhN0ZNRHI2OmsscVVhdF1yIi5XXjokXWVgcCxZLzNQJDZLJV4oWiI8
PVxvJVM0cl9GOXEnSVNAZ2JXST4kSzp1Xl5qbCUrO1o/YUVHNGtDZVNVSC5qISFSQj5TY1xvbFkq
dSFeZ0syRXJGKkZmJGBMbHJZMGQkLFByZkk5bSNRRmRlP0QjUkQhKSM3JWxWYyQ1bSxtYkAoM1RI
O29NblZGMVZJVS1lZkw7PlYvMDtaaFIjPC5STGpcRE9FW2YkQXVoJDw+JkpCMjUiR1ZRSyE+N1Rf
KTFpMmdULzNmNUU3b0JsSUsibTM6T1I5Z0k1aFQ6JCgsRVFFcE1hYjRDLEVQZU0hWy1nXjByRVc0
amZZdClYZDBEOVxkbUpkLmhramMtPTVOKkVicVxHNnBrYEpPOGdLOzVANzUnbz9ZdFApcz8iMSJj
NCQpJENBdEMrOyc/YWEiUUxVNUQzRERXPjB1SkVMJW87dE1oI0BBaSYiOk4hUGNKOS1bdGdzTGw1
dSJYWy10dHBwYVZAJidcYFFEaUtmPnQuIVdlTXJZLDA+O1QlSU80VVVJOUJrQDtFVCFwWDs/PDxX
ciEyP09YcnJEZ0EwRGxBWiV0amo+ZGYpPVdmVUF0MlgoclZZZDlQbzcjaC5yLUQ2N11qa0gydENv
JTIlYSExbVFfWDdVR1hDJCxFcT9UYmBpQjNzRkZgJnRzNzVPJywvMys7KE8hLTw1LFZvK2FJWUxZ
RUM0ZihNNCo2Zy8qbGdUdS9sTVpFZGkyQWxKZkJtOzRPLGl0bFo2LCQ6XCgsVlhBJ2VdVUBmPWkx
P2IzWSdyR1ZXKXJyQ0hTcW5ab0smNkc6OlM2OHBJQz1VNyFWc1BzNTFzTCdAM01kZzE7UEUrTSE6
V11ZZmJbOVpNRWJWbiRpQ0pHN0snTFBycj9hLVdwVXUpSElYPkEhKmZJJ0lfWEVfZ0ZEXi1wYis7
ZStuPDI8YmtNWStJaERTXGRaMUg0R1JtXWBcPGspZjomRV1CPkgiOmZJJzxCXihSPiEiXj9DNzEt
RU0+MD0kQFJbRXNzW0pyTW9rdExnc0A3Vixtb3BEdSJSKiNRRmU/MnVGP2ghIVNHXlA1Sm5OOWFn
WjlySmBbWm1RPVxePG5gZVAydDNvV2YhX20nazRxcE5aTUBsIWVscXJDcnJFJChKKVYhInJyPDYj
RHJWcW8+TjdJLkxXO1V1Qm5Ab3FgNUtqdFMpSC47XjIudSRkSmozbTBEVDA0cl4qZzlNJ1Rac3I3
PXBXck4jLiclaF5aTDxcTmJRLkZYdGhyZEk1cDM6UFQqKDZvdFM7UHVQTV8+PW8xXlVMXU0mWTtj
PEhwQC4mciJHaTBuYmRoXF1TYlxqKDNpVUY9Xm1gP3JSPVxpWXNnPjZeW2B0JD03JGIiNG9ZTXU8
VzwnV1ZdVzoqa0piMUpybEk+UGRyJGUzTVRcYCRdQDE/P0NpbTlrXlhZZDhoPihGUHA6bTlCVk9l
Q3NNPGRAckMkLEVxP1RpNyFgNi1fK0k4IyZPKkMkVyRyYSdzM3JyPywjQzB0JzlUPVs8P0lxNWJY
K2JCRTJpPmpeUnJPdEhJSiY1J1hwZ1JCSz4+TCM4OiNyU0NGcVhmVFhkMzFaSiojcyFyNDJkMUlQ
Vk1nLywjOyFMVy1rNSh1aG1QMjJQaGlEKFFxJVU6JTRgcEsiT2YoXUFCMy5mSWBvIS5yT0dkTF5s
UV5UYW8hNS9UVU9ZJ0FlRnBkWy9qcWcvOEI+OyxyXE1wOEhGSit0QFdtLUZaTyU1JUhwR1JyYjxw
QVNycig6IWg1WUNHL1hZTz8nJiE3PitTck8maVhcMGo1Wm8qaGY5VEI5LTo0K0RZUl1fO2UnUSRS
XykqO29wOlE4Uy4rLlMnQ01ZUCouZXJYcnAwWW0tXWYxVyxDL3JyP2Z0M2VyS28tJyUtPm05ZFBt
LyIjPnIhKl8sRkNaWzsoLylXWWknc21sSDolPUIyKi4xNlNSPSVTOC9SZU43Ty9MZ2Vycj9acVJV
KixxMUBwImZEMTpWQTBfOWQ2cW1yW15lKVVDVElTNUZjKVEhYFk8dTRYOzpbOGBbamxhQCs+ZSJj
X1clOikqNzhJTkVEPnFZLG4zUkhaKlQ7OHBJcW5HNClPQDR0bEI9WVhXSS1vIUcsNmUhUjw6JmZs
RnRfZ3JqTTcjcnJDdV5UQz5RTikjMi8xbiYsLyomVXFjTSNBcDxjciFCOSxDIkpwaW5GYEZCQFoi
PDlmVk9IWXEucCExL1VaSU9DTDxwJXA4W2ZIZSsiWj1lcEMxSFNQRlpJcnI9XE8hOU1uaXJpUDs+
ZyMjbEFwckVDNyJSRk9PaTJja1haVzQyYzRzMFwucksrNHRpaUpVIjhbVCdIQkpTPTJANFljc282
ZjU9WVBJS2tFO210T240bkM1Xyo4VjUhOSglRUNwK3ExX1NjL2BGb01GX0dCMD5KKj1Nazc+PUpQ
bFs9QFlxSTtec2tjMlBHJ1k8UWRONDYtNk5EPSZmT1ZiW2lqNURkTVs4Y0plRmsuLFkkN2djNXBl
Rm9LWGpvLWlWJSIoaEY8VDZmMDVBcD8vcEBhLF1WZ1ljSkgkUVo/PFZVNCVybClZQTpkPFdXai47
VTtwaUguTm5LbEpraUksL2NTTXNFcG9HTVNLRFBgOWk8M10oNG1cUGZVSFJKMltrKmdbSVlIRGFX
ai9jbCNkQXIlVjNjdW4kMlUvTjczVCUwQm02LiI0Qj4/UF1tKjVFVklibi4sRzk9OytbaV4sYSo1
c2E0PzJRX1BwWzUybE84PEYvcnI+MFZyckI0MG8nY0pqS0RsMSRuXGAxLSpdOHV1SWE7QCtEbWIm
c2xTQ3NWUnFeaU41PCZIbXBMIUlWLzYyUWpHdVdyKWVUR0kmLXRgOV1BKmt1QldWXHBVcFwkaU1e
W0knbV9IOUtUJ0E6bTdxcDUqNUlWU2wtUk5NR0JPNWBbRlhUUzk3bkdgTCtxXypZMClxK0JJbS0y
MCxYJyxDaXFzOylpYzlNLWpycj88KWE4Wi1WWVA5RzdgWkdEMGdJKGFPcV8qPShuSzNXRjllU2ox
N146c1M3M29JaVZfI1RyUTtARjRxbDlVRF1gJVMuY18lVWBLQ01rcV51Yy5ANk9jZV1wI1BgNTJ1
UEJRPDhmQVQuZ1crUldEYzFGTzgndWVtI0MhaGZvdD9LVnJCQGVJTVM4QW5WO3VaMEQqRlxeXCwl
RCZWJGc9cnI+TV0/RlRmTHIiQU45bTFvTEtHZi9KLktDPlJyPU9ldF5QPjFYXG50TUZQVj1UKTxx
ZVA6cFdfXz9KYnInbT8yaTtZckIrXVcvZUdeaSZrPD1NLVBbUSJQXkprLjRRWTU+I20ucC0wcEBc
Qk5JUVpsbzU0RUxXWi9TRUk/R2skc251aFUmQUA3XlBAZS1Bb208c2Nab0NiQkhUZyo1SkxnIkgy
P2hjJDVaWUxrYU9aMXVWM1VqZFpyckEqcT1bMilHY111dVlcUUBJblA+Qlc7XkUuV1w3Lj05M29h
X21hVmNBYyM5QEUxZ1xeW2VEcnJBP143OjBEaXBsViEtRmsjWDZXUFlfN2htRUNgUV8sTUViUDUh
QlFUTmBzY1ZPUUAsWDQ0UEQ9QDZHMD8kZlk3b1QyRnFfZFNXQz4oIz5HcUk3cyssNEknXSEuSy1v
cyRzYyEnT2VvWjQxMT8kOzdBcilpcWhNJ2BTMDs0ciVgSDNjRV1aSWlFMERgR0tcaT1KR2ZxUTtN
cUJsW1M1YzgjSDo8KzE9dTRxPSxQJ24zPzkpJUNebjktYD90RWFAakoqS0tgdGs7MUhiQjJ1XTho
cnI+MFVZPDtjdXJyP1xtIS5ONCMkPmZfQmlCSSVDaVwtKnAmYz4oQ3JlSUZmPileMHFLcmVZSUFX
R09GISRQRy4zSFZUJEFQPS5KU2lVZCVycj1cJy1UcEFONUhxbykmIT1pWl9HTCpLMUcmNmtjaTN0
RlZ1SGI9VC43YVI+XGknbiE7NzRfQChrJ2NdIklWK2hxXDUzVi1TQVBycDA7Y29AQ1pCcXV1c0Jy
bVpHKSsrcTNiaSIrTzo+Q1FZTjJYcEMxWGg3c0lkOmBJWjo9VDNGcT4kNlI9XV46ViE1VSUzISss
Um5xIVw0XyRaQiRzP2dOZ1ZKIyluVG9ARXBBcmBNXGkhND9WN3JyQ0M9WHRMTCFldWk1O1ZqPzho
RldlQ10rIi1oIWZETjMjSGshdVZgOFVeK00iaTwucGlGPGQoQFd1NEQqL291cj1balpka25bJFpn
JDFsVnUhb3RVNDFYNUlhdCZUQ0FyPVc+Lm83XWV1UURJQXRxcG88XmhBWGNfJVVNVD0lVWlbNTRK
WjVBSUFkQzleITxZPFFkY1ZJaWMhWzhXXipCTC05WldGKl1CQmlbIkVnZypZOV9lQk5DQ3BNNWtE
TFRYQG40OjVvYCQzW2krNzJfYD1eJDxWTFZiZGU5P1k/W2sianEkcmhyb0huR2BJdGs1N2wwcCxH
WmY/LWFUVGNaN2Z1TyQ0YmJdb1NRXCErckZlX3JHK2s5cy10c0pGbDNJVWRtQTFHTik5ajRNLEJJ
cl07TSsxUVIpb1ZyK2UobGpyU11wLzA7Jjs6K3MzZVUxIkBHZUVQXXIqW2IoRVlKRnQ4KmhiWkhu
IiJiJVg4cFlbLilDb29QN19vOjlvT0FCazsmalFRL2tfXmZJbFlJdUJOSV5TVV4kX3NGLlFpMlRh
X2RoMk5IcnI/ayIkSz02K2JkNUBWaTtLMzFoclk8MU9LND4vPEY1S3NPZC9DSE85JlpIblljKXRu
N1RYMWhudSQqJmFLNTYobVlHPnJTPXNdRmQnNF0/PmxCR1IwRj5qKHM4QTE1JlVVVmBiI3QhU2ZT
XFxWMEtudTRyTmhvT1NbUmUyNDFLJyNIWSclcHVvQkJjNiFmZENIaU8uaDRJNCwyanBOLFo2KFox
LFEvdExsMkxgR1gzLyhaajhUKXFIcU11cUxjZXRCYWAwPD8hKVglJSEqJ2o2RWkqIWtvMXA0dVlG
PVcraVVbIUtoO1M4MiE2YDpRKjBaIm9cLWw8VUllJ0NTTDhMQnFbNExWcmNGImVgP14wI1ZsSGM/
LEE/Ol1OR0g2Z0xXcGs1NU9FW2prUUtZUllIQlAlVV1pX0crNnJkcGxEcWFPTkQiK3EkSiw7NSNa
aEFEL05VNCkzcls/NVpjTl4nWnI0OilOW09IXnBtPSVQKGI8SE0laTFuJ1Y2XV1xL2AxI1M+XkxP
QlFpXlxYb2xTdHVSSTcobDViQiVOQydONGIzPyFCcjk7WWE1aiE3TkI0cEM3VFFDPzp1N19kP3U6
RUdcc1kjdV5rKlFhRlpbcnJBQnVjZlI1XjRDKS04TUpxMXRKYl5cYGh1NCNccWFsJiRfSC5jX3JL
aSJCKnVmSENgInU4R0oob0RxZHEtNFlfdUAyTjcyUGdYcVdoS0FJYGp0RjcpLkxKcDwzIV1TaGcp
P2lDdXRcXGZSaHIvYWc9NCshKmQjRz84KmhtcSVlOER0VUVaP2RRX0lnbE04SjlCVVQubik0KzFV
UVhSYztwJGU5bkdebzloYFRWXCJgLjFGSHJXcF9iZUldR2ZmLmpYbHMmc0g6XFlVbT49NFMuOTxl
QlZoOy11ZEktUiYqbyUqKTVxSjBHIUomLT5WLyxOLmo8Vy5oLXJXaUdHKnQndCshIytXPS9iJ2ZY
cGxaXjA2ZyIySj5bUDJDa1BdT2liLS82Y3JyPyFtPEdEPjNhNUhSNT81R1B1UXJYK0g6WjxGdDlF
Y281OlRMOFwiOSZTXHJyPDFPck00T1JnR19YdGBWV19hIjRtQXRpUWhRbXJOMnM3aVlbJ0hcKkJV
VmxQKl8hYlBjQVhaRU4hWFUmL0pqa1BrUCo+LklNVmc6RmVkTVFyW01OKih1Nj1LSytkVVFzNyNF
J0toQWc9LSQtQ1xxckcjUGRobXBpKFReblNhN0BIJC9HUEY8OyhoSFUzdGtmKUY2J0krWTpvZkRO
JlYhMmBjbSRfVmtpcnJAWWdKJitvQyYjOSVSck05KGQwN1tDOjUwIkRJTUxWdSFybHFNPU1DPzck
UFpIXS1AZTUqOlBbRis3XkpFZFZHXm40SjtHRlptR1NUajFjUCxtWUZybS9kTDhXP25yYSRYYCss
PVJZWFxuc2tFTSYyXm41YzFWLV5YM1hpWF5pTydFK08mIStQRU0mJlxfMyNLJ21ZNztxLzJtJE4x
UVktNzkuSFphTmNyOlpLVTwqak1BMTlbcDNpLyhnRyV1QHUxVEBsUChtdHRFXlFWJGAxTjN0KlFI
cUEkcnJyPS0hWXNuUGo+P1FJQ1FnXUZrWGFSQjtDOFgjZW4mRSQ8Y2JwZ0gyOUI5bTwyXS82bCI9
bFEtLEpQW0lvbzReSistVztmW0ppWG1AIWhtSiYzWig9cCczNDpDY148Q0s+YSdTYFRrT0MuNzVX
J1g6KywhKTdyaT9eSDkzOkNkXFtfLC5tVWhpNj9lWDcwS2krUnBlXFkldWBSXGgzJEFNPlNsSCpO
VytgWXRPNlReVWohTkhQTSMvOylSSVRJIlFEbGpbTWkkInVAW0wuVjNgVm9dZkFSKHUwXycxRGZf
Pzw5MSEqJ0NaRC8jcmdsdE4jakohcnI/YTQhO0okbk1zXC91ajhGPHBdJG4kSSVyJ0xCYDNbPSha
R2twVFVPVUg/MnRzYFVxcjFFSC1OPSlEJ1AlK0taaG1KXHJyPGhLKCZUKiVdUUovT0k6TVpVJXU+
VGhWVFg9J0lpJiVSXFZgJnNgVlprM1tKU29bcTohN1xVM1xUcCEicSpDJTllWGszY3VsSTpNOUFR
clA2P2pqcT1kSGRzbyJwLXBCPGBlXENUVj9lYElhcnJAYSluMGRvUGZEWktLcVRNMDlmPHI2I0RR
VGIkLj1dcUshMlNISD9ZIylvXFVPN2NEdFpYIiEua09WYjVWR0hyWWltZ3FiVXMsP1AzMz1XZC5L
Vz0rNTdyPVAvLFAuclFyXFFpPl5ecmpLUiwtQ1Q0cGY/WW5HRjd1YVY/UUouXyhbQEUiMDw8UyUh
Mms+RVJGP280QldBZXEpLG82X3BmJS8hVSZQKXFpNGV1ZXFcTnJHISIvYCtAckkqSjo2WVxYI14z
b1tYVWcma1crKjQ3ZTtNSz9WPU1DYVhNPUdaXkgnJj1SbTZac0dPLSI1TyY1QSVfR0FpOGBObmVK
Vk4zP25XRzEocUpvN2AjUTdrMkFyckNITz03PjZQUmR0aVVZRWxjakRcQj4tJSZUbi9NOFI0Qzo4
ZSRmMVdGQ2kkcyMlSSdeQyQkbyQ+NCduNHBhbi1yOWFUQ1c5UC1POGY0PFY0U0AnXUlpJ1IkLDRs
JGk5Ty9nLyIoblFRKmFvMFsvVS0vWk1zUjNpUldLZSs1I0lXcGZYPj0mX0RNRj9PZ0ZmQSZIKFAj
ZENxSnJyQSp1cWVRMj5dbWJGXD9ATEdyXFpaazRxNEIlP3JSRWxUJ14+TGJMU11YRjBVUS9HIS4h
ckJSUWtSUHBhODtCbXRxJkVZdWNjSEFac2VdXmNpXyw8ND5kcFc5R0RXcDc+TjE/ZVlNW1dxMGcl
ISpmSSc0XyJFa1teR29JbkFGc0hyUCpoaj9lUi8kcG5faikvOW5VL0RvMkA7UjprVnAxPl5bPkon
MDlNbzQlXyJRO1lcL15bcS90cm4wQ3VsN09CZEB1I0ckYmpvIWI5SEBrdD1KbypzSVgxQCZBaXIj
KWE0QC5kVEMxdUM1O3RJVSxROCUycnI8M2plISVSMjNWW1k7Xm9ySi8/aCxxcC8yRzFtV15acGY0
SlJkQGhUUHAhT0o4cThycj9lcHBhMEE4Ol0hKks9T11HYmlQMScmLGs0WmNybjc7TydeKDkvOWNk
TmtZTy1pJFFeZClkV2dFXlE9NzpPb2xiPUBBa0thXDhNPChqLS5lLUZrYWY9KSVMOFJmV3JyRDA8
cnI/cUpMdUNCdExbY2lucDdMc0dyOTNYQktLbkNvKzdOKTslciklRCVfYVE/QytrL1wlYE9yPWhC
XVw/Wl4wP0RlbWVYWlFFYHBvXlYsUU1yckJLKT0hLkdCIltFImVKanJQMHBjJCYyLGxOT0ooKXJf
UiR1JEA9Z0BwQnByckNwNT8lMk9tTVgxODVqbytQO0QxOCYjMixmcllvLl4uZ0FwPWEsU2crUDpT
TjpgaSExLmcsJixVamtPa2lyaVlhREwzbCFjLGg4dFlfRXItXEhvNHRscDlfKmljYFNJOFFwOCs+
XjgwJVRxbERsaTUyRDInV1xfZm8vPUFcLkhGWTthXzBXJnQ9XiQlLjEiVlolY0FJISxHaEpzSCxO
Z0pcJHByVEFyIig/Z3FdITV1MVxyazxjYG90VFxhW0omRC1QS0pDLGFdXDYvVjQuMTE+OUFkJkxy
Jic3aVRhREEsdT0+XnJyQ2FsQCFIXl8pRXVIWz9ZTjktcjQ+MDc1TiZGXVljJGpwVG1rSFMsbCFr
ZURoWFhvXll0NGVsPGVEV1k1Q0dbYkIqQWEydVpyTydPVS4rZGxtYlZZUG5tam5ScGY9TFxqI1Qs
TjZSSiVsP0YmOW9EYzlhKlAxVC9XSXRUXlw2Olk+NW5UUy4nKiFjRHIiRFRjZWlsSmxKPHQiLyov
VldHYDNZKFQkUjFTLWlYMWYodC5AbSdYSi42TUtMQ0lwNHBOIik/MF1wTkJbaGlJcUJldDVeakAm
SUFjJ0ZZLDIpbDA4cWQhXk8qLT5KJzFyaXJyQVdmPTNGc1ZbW0kjM0omKzw0L1NeYSlwWyI3K05H
ZCdBWk1yLyMyIytIQkE7WGFOcTY8Ui1iWywuOF85RUUxRlJdOzFXMUw8MXBtbWwlYk5gTCwkPT9v
Mzt1LSZIRUJHUCNYLEVtM183c1ZcUkpGRGAkSUFcWTomYjFzJU5rMWo2MUImKUwjKXJ1RHRvYE1E
PkNXc0R1RmdFP2YnISshKmw3VV44KFhrXkxLS15KJE0iYjVOKlVPRjw+QU4wIylcNUdfWVcub1VH
WitwNjhxVmIuWjZvRGBWLEFjXkdkQVpYLEIrQSRAJVBfcGJOPVUmOi9UITs/RW1rPDFAPCYoLzoo
XjovcnVtNCcyNUomK287Ky0uS1RJS1dtUTFcYCFLKkQ5Yk1mPHBcN1QpU2UnSicwP0VeTyxrKHFX
ZmYicnJATUtecVxmcj9hLCUhOkJ1OGFQTioxb210V2o1LF5wYmhiZzoyYSNfMW4ibDxqQCZycj9s
OW9KMSlwXWAibjciaW0lJj9jKlU2SDUsV0NvRFcnRVpSZWxbQC5BTkU0Rkg+aTBKYWUkYVJkJ0Vy
KmZCSHFcRlkwNTcwUyZsNSE8Ry0uaGcqR2RTRSJaZGowIjNhOChoVzRfIkcuPVpKSVpJQU5JbzFf
RDVmQDk7NillLTxAVixeIU9acklSQXJaJWNRJ14+NT1wM3Q2XFNpXWEmb0NnXF5ASVFlKjU3RjA7
clhHLzgucFRaPy46VSE/aXI5Ik07OGszYldxMV9vUWk3O25XVmUxPk5NKFomckt0Oz85PFdTYTgi
LjpoP2MhQ104b0E0K2dcdEJzMERyM2pvP3RCQjAwYW05WmZnXl5RNHEyUWI2PGFiX0dbOixRaS1h
WCVmUDsqSipAPDwkL21UVTpNNCIzWyZPJyo1N2BSIkJ0ckVPcDRgOmRuR2BKYnBlMStbcC1cQSpM
JGdnU148TmBvKU5MQD9iZUAma2xYR2RwTXVOYyRmOTYtWV5bT3JeZywkX2VjKEJtK0FiTV9yQyU2
WkRtPD0nTXJWbGs2VUFrNVJbSkZuOmFvO0EoWydhNjJdJ3U6OmVdS1o0UW9xOE86NT80Nm1KZDFO
Qi9LQkJsZSZWJGE1VDdZXls4cHVwZE9cSV5qY0wiJ2xXImBMVW5xP1lkT0dqaHQjMyJXSU8qNFAo
MVlYQ1NJODQtZ2Fwc205Y0ZEblgsaGktLl0wY2hXTlglRTNzOlVwMm4vY1drQTsxOHJlQU5NOiNl
JnJNaG9BVVRGTlZJYXEmL3AidGE3VD0lUmRySEk5Z2ddZ1IkSTtBSyhyV21mTCEkaSlvcnJEYVEy
dVx1WD9eXk5YKCZETUEhIUc6XSEwUnJSbiwiJ01yZlkwK1ZZRW1jISR0bzhxZ0ExMiZPNT9EV1cp
cztjVlhXQUpyYjonXlxGI14pSy0xI2VxUnU/ISJFNG42cTdkRlAxWGIuKzg0Iy5ybjVvZERPWWt0
cnI+bydaUCxoM2YmQFJtPDtUYj1UPHBpXCcuOl1zLUloNUtMVlZfQCUzImcmP1NfKD5cbTNvXXJy
Pzw+cnI/I0lRMWw9SXBqSjRLRUBXbGhyVj9FJ0lKalwuaTE7TDpqY25VNCk3TihfRDVQU0I+OEQ6
KFk0IzNjTGpzLUAiJk4zO1QpaDo/TFddL1BbWTZwbVBUJSJBbSJQPSlKJ2c+InBiXT5XITk7Vyki
XlcmKi5QTGJPSitzLy1kb0xJUjxgYDtbcnJAVj9ENEtHSjtBbE85WjJLa05CVy91P11FLyQ0UHJo
NTA0XidRPWIuZiU1a2Fyc3ApLVF0Pm5gaktIbWgsUiJjbiwxc24tUFdiITg6UmdyO1FiUHJXW0Nk
RipGX28zcFdtSSErZXJlXEdjRi1KVlg0NS9PMCUnP1xBJmBwdCQ+WWhaWTInITRcNzhyLUdjSV9q
ajBxISdsYkohNUtxJjw2WHBKcT5VRipyIV9cZ2xYTldXPnJBOEBoPTcnTXJyPTdBcnJCbGc1USNd
M0QjWEtKRGk5X1chNmg7PiEwbWg+cSFFMSsqOSY6RSEmMFc6ITVLcSVlQktiYHE+VUZnXnBBZyhD
MEItWypzNFxVNmlSLUFpcjkjOl9BXmUscGJEOm8vdE8iJjVOajciRkFxL0JvbWIxMnJyRE5wKiZU
TldeXSZbXDBsNi9CJS82bCtJTHBsbzVQIyJiciFKMV1fc2o7WCM+YVwwcnJAVUhyckEkblo1aU9l
YlUhMmduLUwpYjFFNk1zITEvZCZALi11b2U2YFQyRVNqOmQhNkxVQzpcW3MzM1dCKVAxNFM0VTxP
X1orSUsnOjRaaTokQC0/PVRNQV10J1pRb1E0cT9ATEdRSiY4TV1cLD8/Qm5uJ1FGVlRcSjRhJjdF
MikqZFU7LmBfRGc0VD5EUzhjSmVLJmhSXkBFclEtK1c4aGRlYz4mJGlsQDAwLlZZRUlJJD06OyNK
K3NabDwxRGc0YDFkMjIxP3NBSUY+XV1lXTpYVCIsbFtsNiNvc0MuYlBxUypqWVFIcHJYNEdXLDYk
RGpbQVYkaiRnRCIlSUxmXVlLPkFUS2QoZHJoWyspM2Zycj5pXD9oQ05bLjpyTVpWR1k8PDVQdSpY
clgkIiY6XEk2VyEvLl09KFtXJHQ9TD1cOUNYQyV1Ql9rTlosLlgjal91NERXcnAwUTBiTjQ2Mldy
NS9HaS4mXUJLN1ciVnJyRE9MKVBvWzZoaGplKUxCbWVlK2c4MlBTOGpiT1RCblVgOF5qVTokKGJd
Wi06bV89WSJsYiM1SzdaS3A4W2BYWTMnWVIqdSZeZXBkXEVjISFYImFGKm4pYllGSCs2MEUpQWdZ
Q3VvVT0jYzk/SkxDSHRKNSNlXW05SUYqSVIpaGhtOFc5OT8yanAmMVdSTCJxQHEhTCNLLVFBYShk
V0xCLTMoPm9JNWshKGRuPCdhL15sZEYsNT4wJnFCWlpOSVM+a15cUm0wIitbRUNwOStEcXJZX3Ai
OCxXZClycjw2V3JyRFRTTUpxMUdqJDNKS2xpLXM7KGs7PlJBY0FpUChdPUVdcnI8JV1VPFBIc3E/
Vlo4MVxSaGlwOS4mV3AxKm1NSD9fYCpuNyoiLyEkOC9HcmxjSClhaFtDIXJfdEk2cSFEWWxZJlA5
ViFtZ2xIITBPOypvIlkjIyEiXHU5bzFBZ1ozVnVtVWMyL3NmSE4qdT0jbGFuX2RiIkwhTm4lallB
RkdULVNwVWBsbjdjVjohNjhoPWVcMzouITIpcGAhOG5NTygyOSVgY2hgLmQpPEozdVdjUm07OzQk
dUxyTGpgdExdN0FNPE9EYytqMF1sYVo0SD04SD9dRj5pN2NaWyEwNUorWSZQUV4hYC9nciExQyVh
VkgqV3I1bnM+IW4yJjFhbThXOTk/RjtgWUlKWko1ITc8ZjZyIzhnaG5gbHIwbHQ/MmQhTCokO0VX
NiNJSFZhVyg4LEJkN0orTys1cXVVSztvNmQyMEomRDlkIiRFJCRlYFMkXiNKdDNTNDkhUyovLDI4
PVdkVGNiPy4ocF9CNjhYYlBlWk5ucnJDR0hvWHFyRExbP01HNHJ1QlYlSUhDVG9pJlUnTTE5Nj1I
JihAaSYkRTBNcnJDKj9eQidPPDRxQU4oJzJKcCFCaSJWaCdqUG9WP09sPHFdS2JtQW5nRi0hP2VZ
OEomQ15QU25FN2A+WjFqKFA7L2BPQjc8KXNhaVZCNDI1SUVvclEyXDhsR3VsTXFJX3QhTnJyREdT
blVCTlhEb19mKzAqdGs9SicyW3VEdHJoMHJyQVdrZiUnWCwtZ1dNYDtiODxRSU1lYXJuI29tbyE6
Zj9TSXBxNmdKL2ZZYyQuJlE+WE09USdJW0tvLk1rUSEhLllfJylpWzFlcDNAOS1qYVJVOCFXUkBA
b3BNZy00UVtKOWRFOzFzUT0yPWg5WmdZZjQldSxONloxPjohJiwiQW9yak0qIXEuaE9yb1teVk1v
cE5SJ2hxRlMhTTJIZkBtYShuNU8mQ0pGJFwkVT9vTHIzYCEhZFtzci1IKztgYW8hSU5sNCEvVzZO
a0JnbVJsRz5mUnRcNmVQRD8kXCstKnE1MTA1cDkvInJwKEk+J1ZYKmBqNU9gbC5yckMqPiQsOWsk
Zzs9Zy4hLzRgRG49WyxmITk7VlFyaUdXM3I7dD1GISEmRztyTzghaiE3MUZpaStJbUJnOGlRUl1x
YlFEI1BQUyohMjxNZHBlXVhubmBtVFdyckJrbklyIXBSaHUvNiclbzlET2hTJU5YKSpdTnBZKTZJ
PWApV0BvJnFCWlpOPzNHMTdRNUpLcnJAVkEjc1cxc080aF9NOGJnRik7SlZuN24vbUQwXjYnRGw/
RDZAT2ptcWcrXlxJL2ZvWmZXKkhNWmdfKF00bSJfdGpQZElPPiNmNENVMSEpKG1gdCtcWXEwcnJD
TT41TSIqU2lrRW4yW3RWMSIjXFxEXCl0OV9pQ0xMZGUobG0yJGVmQlNlSVhoZSg9K2tySGJWPC86
azVPSSxxPWpVXm9DS1s+bktTRXI/SFh0cWtNTjM4Jz9HWjc6WTg9dVlPJmY1UllIYC5GZTk1ZDVM
VEkiV143MDo1KUs6PjRKVjVYWUI3YmdFXXBCQj1IQylwJ1k/WHIxWiw8YTYwNVhoIzpkVGooZVQx
OzgpcjdHREQqXUZsZidCU2JgLDViSzdWPzc+a2MwRE1JJFNgP19DIU0/UThjcCldTjttYjstUVEr
blMxZytvNTRlYGlnQTA6QFB1UyokNUwiIy8yODIwN2FuRGMpPSFGJHNyOjIzQnIldE9TaiVkI1BR
Tz5aKi0qRHJaTHVZWUFSV2k+O3U4aFZpdSFfa0Y+RUZobi9hOmFST0hqailSYXVfWj5GXUhHQUMp
LDVJaF04ITtpOykwPWRsJj5yPU1GJyVEMm1BXS0sTUEiN29ycjwtYFJOQEhMXWFWRV1cYjsxXnEt
a2t0MXNZZEk9b1FJNlp0KTpLX1MuIj5lNjo/JCEwOjBXVEJyLT1yWSwxdCFNQjkuPjVuVG1nQVlY
LmtdKkwzQF9LSzJOOTxDW1A8Vy1hZWAjbCNPMGNhTFREZiU5M2JOY2taYF1WN3AxM3NRKHNLXSk7
dFNSSnJyRCowViRIQT9uVlNyMm48aiwyI18yWEJHb3U9bCZjVmpYLGxbbDYkKFs+OzRLbmE2X3VC
XT0zUWpKNUs9dTNAcWBhcF9jOUw4JHJyQzE5SiwmREVfdHVbcj1iTD0xPVQ4QlpIcEBPUFBzLTJJ
MERZakVyVytnMFklcz0mITcxRVtnYD5dSSVlW0ZFXy1gJGVyckMtTzVPYChqPUcsUTtgJC4yMWxN
Z2tCPlcndStMSCg0a0pMQ0h0SjUjKChSLEIlOS5AQUlvWEUzNy1VQS43PW45TkM0cnI8K29ycjx0
LyssJDRMKjFbT2duMSNART5XXFBXITczOnMhOlU6N2VNQTBNcjs7LGw2L0piMWhSNmtmO3JfXWNV
anFJTDxGZ0ozblgyP1QuZlRNLDlOQSJlXFkiQXUsbFtsNiQoK105byZwI1EwKzpyUik5Smo1NFtq
NDtfUWlXbHI7aHVZIlt0clouby4mXyE3MjEpbjBUVyMrT0BnZCZxQlpaYmVMTmpwJj4iRiRzXGlq
OzpiTD4uaDxNSWNrViciLk9tW0E9RXIkZ0o/L1xNSlBmO0NKWS5HPS9INV8+JCZBNUc/MmptaCVY
K1Y+WzwxPHFYPzoobyEnalFhITVQUDU1UFM2LTNyXTJRLlkkQU08LkE6Z2h0LjpAcXVVQy1lJyNN
aGwtL3JFb2MzcTJWT1FPT05ecyNgUFEoVWFAXUo+VFdWaDhHISdrKXAhNU91JjBEMEJMcnJBXWBy
ckNzaTFnLURVcnI+OFlHKCc6MVdxLD50a0xSNTpwZiY9SDVOaUlzcldHU1ZeQlpxSSZdVFF0cF9z
clxyaVlHQW9GIW5dIWJVP0QzSEctIlFeI2NaRCIzc1NdJ29EbUloRyEwPztMSi9NUC08b2NidHUr
bkZEKGVGQiQjWjFaLyQzVERlajk8TElGdSE7I2NMYiNFTjhyckJwJHBsNTpSNkw5M3MqdS48RyEi
KUJZRHVCWVxyckJqdVgkPzh1TSNSSj0mcUJaWl91ITRecnJBW1VjOCdrIT9ATEdaOiUxWzRFVzYk
LElSIWA/TVE/YVdfTVwsVHJyPjppcnJET0wuYVMmdGldbThCVERlakk3QEBgQXFhdEs3NUFJQWRD
QDozWSJuPnVcND1uOEIpXS9NUypOJmk6X2BpSE1yckFgcTVPXlFhcl08ZE8+Ti49NCJKPllvMGBL
XEleWlhdN2NfcC8wa051VDQyc2cvK0ssT1toS05VUC8zWm4+XzwyVFZiXitURWNkJiRhQlBtRG03
b2s0OSxFPlNRVDpdQ0NwUkZKUUpYOFtcbkUiaHJGRjd1ZSlTK15qc2BXI3ApUi9bMCZLS29CXFgl
aUlKcitEQSJLQGcsJyJ1LSZXbmBuPHI/L2RPNiJlWWJwMUxLTkNZUHMrckgwa0wwU0dmTTleWXRR
bzJaRWQoVCJrJVVLRHRxNDwiamAocnI9Kjk1T2FDLCE5RipWcnI9KDlyaVU1VV5ZTlEmIS5bVm5B
cElrYyExMzNUITVRbztUPSVhbVs8Yyo4WkNmMUBxQEpfZSU1ISkpbThvZU46QXBncjpCQCpjKUhx
WFxnPEZUbyZbMiJgVERlaklBWF9eRm9EWUJdIydrbiNXZ3MkZ2VFLVhsNSFQVy9fcihCbGc0L1lI
WFosVSVxYTB1VSEvNWskITBwYmFyXU5kSlxccyFpI3NcPWhAcCxbL3JyPjpKcnJDdGlRSSI5Y2Nl
PycpRHFPc1xNYGo2R084S3IjSis7NlFEcU8rRE1gajZHTzhLciNKKzs1V2Vdb0U+ITIqS3AhOG5K
SnJuLEJuITlhOEVuMiYxIW04YD86P0YpVFdGbytdTiNDbSdZJUJWa2lvaUBSVTM7b1RfOlBaKFAh
LyQyKnJdTmRKXFxzIWkkVT1PakF0UmVGP2k5cChMXS5MJzRUMjpNck4iT0dsczlLXWJQcVEhbCRy
MkBDJlwxUldqTFpnP2dUZlAhKD5MKW44VytAITY7J2dYLjJXWSEnbW1qITVLanFyTjI6YCE3MUZp
aStKMXVnOFdFUF1uMTFUUWhIcEshMj07JXBjLFZbITk7VTpyWVVSZVQpU2ViQGksK1NEI1hNMW9m
citqTHFpLWhKK3MvKzVJSWVIcT5VRipyIWAsK3FjLnE9PTBeJEkkTkFRTV8iXzwwcGNjJWEhOTtU
T3IlTm9uOiZiMl1fRVtyPz1vU0tsbElCazomViYuWXJyRE5wUlhdLDZodC1naHBfaShUcDhXMy1Z
QUJeJSQycG9jOlBLSl0hOSFrJnJyQSpaMU9kLXNbP1NRVmlGSDxqNUk6QGlqNDEoKFxccGApI3Nc
PWhASyFCbnJyQ0M/SilGc3NlVHEkbls9Pydvcm1qPSs5OztGZF8+VSMrISQ4KiRySUArSixRQGEj
WjdsK3RnJkQnQmxAOCpeJlYmLlFyckROcFJ0IzU3XltxRkhwX2klc3A4W15PP0tFajwnQ1lZKTRI
RzNEST1MMnVaaTokY2VSITFoLWEyb2Vycj5IUnJyPVNHR1EuWGFVXSJIVzBEWWdEclcrZ01xZj0r
YSEyJmNcITVRbmlUPSVhbVs8bi5xbjR1ajchOy0lTTVPYTAjSis7Zy1ycjxQc3JOVWs5TzpWNzsy
IjFFLD4oPFRDN0szP1FQUShXdS05cG5BUyxSb1RycjwtYDJMYTBzSF4qRlc6N3A4V1wmJjFHIS8x
V0pyckMqPjVQVEZtbT46aUM3IkJkRzYpVDUmbDlFaEUsNiVZOThjSmVLJythS1NURGo+WHJyPC1g
MkxhMV9CUFpBInJyQFhycm4qazg4Z0Y/OV9OKWg+ITA6MFFMJlYvMlJENjBgTVkxSlRKJjJBIUBS
alMvL1VrckducT4vJEMwV145TlcwIWk6XUNDcCdsPElmVTk8aCJycjwtYkhDT1kvcVs8RSgiT0hp
TldkRnNKUVNiNlhgMFI6WDxuP0gjPG4qaCojM18jQUNsSUVPWiYkSFlDWDdLQDpcWjQ4IS5rK1dw
a0k4VzpXPytEMCwhVSUlSGxESFhCO2Q1UFEjbjBlayYkTEk/dFhzPXA3ZWcuZks3XkQ/ZSlAZHM2
Wy5nOCJOY08yajZDTWY/NT48WUdgOS0yPSw0ZmB+PmVuZHN0cmVhbQplbmRvYmoKNSAwIG9iago8
PAovQ29udGVudHMgOSAwIFIgL01lZGlhQm94IFsgMCAwIDU5NS4yNzU2IDg0MS44ODk4IF0gL1Bh
cmVudCA4IDAgUiAvUmVzb3VyY2VzIDw8Ci9Gb250IDEgMCBSIC9Qcm9jU2V0IFsgL1BERiAvVGV4
dCAvSW1hZ2VCIC9JbWFnZUMgL0ltYWdlSSBdIC9YT2JqZWN0IDw8Ci9Gb3JtWG9iLmUxMTM0MzE2
OGIzZTk2Nzc0MmE0MzA5Njg5NDU3OWMzIDQgMCBSCj4+Cj4+IC9Sb3RhdGUgMCAvVHJhbnMgPDwK
Cj4+IAogIC9UeXBlIC9QYWdlCj4+CmVuZG9iago2IDAgb2JqCjw8Ci9QYWdlTW9kZSAvVXNlTm9u
ZSAvUGFnZXMgOCAwIFIgL1R5cGUgL0NhdGFsb2cKPj4KZW5kb2JqCjcgMCBvYmoKPDwKL0F1dGhv
ciAoXChhbm9ueW1vdXNcKSkgL0NyZWF0aW9uRGF0ZSAoRDoyMDI2MDcxNjE3MzI0OCswNScwMCcp
IC9DcmVhdG9yIChcKHVuc3BlY2lmaWVkXCkpIC9LZXl3b3JkcyAoKSAvTW9kRGF0ZSAoRDoyMDI2
MDcxNjE3MzI0OCswNScwMCcpIC9Qcm9kdWNlciAoUmVwb3J0TGFiIFBERiBMaWJyYXJ5IC0gXChv
cGVuc291cmNlXCkpIAogIC9TdWJqZWN0IChcKHVuc3BlY2lmaWVkXCkpIC9UaXRsZSAoXChhbm9u
eW1vdXNcKSkgL1RyYXBwZWQgL0ZhbHNlCj4+CmVuZG9iago4IDAgb2JqCjw8Ci9Db3VudCAxIC9L
aWRzIFsgNSAwIFIgXSAvVHlwZSAvUGFnZXMKPj4KZW5kb2JqCjkgMCBvYmoKPDwKL0ZpbHRlciBb
IC9BU0NJSTg1RGVjb2RlIC9GbGF0ZURlY29kZSBdIC9MZW5ndGggMjkyOQo+PgpzdHJlYW0KR2F0
VTU9YGA9VyZxOVNZa2EuXVhBZ0EydTpIdHQvYDo1Kz0qRDxgTlpeJU8+TGtLVWwnV0xTWDdvZkhI
W2ZNQVEvUWw9UVYzMkMrJjc1UDxvYFsoQ3BrUDhlSy1lPWQqKT4/SD9sXDs+XmFyczJyIkU+XE8x
bF5AYnRROy1OYjs4dSoxbWhkRzhQZGFAVldqN2o2Iz4ibDZsXHEkLFNqTyIoSy5cIkswMUhOWiNl
aTQka0BIVEhpOytPYTJTXEVMWkRHYlg0QWg+YyozK1UsN0VTYTYuMS0mOztTXytyUGxVcEM/PW1A
SyRYbnFkNiNRVENMNWNoKiY2cElKWDAhZnNcSCpjRj1JXTIkNlc9VT1yO0FEJW91KDojUWUoL25d
Wl9WTmdXYm1Zbl5Sazw1a2dJNyQkODRyakdUcS1IUERcamFBYE84LS5gaT0+cyVIVlZTWF9tU01Y
WyUhdGsiJm9qMmlWVUFNYVUsJmwrLjwkZiEvWiZYLDorY20zZUY3ZDA9KFtVYldRczJDLFdodVUt
Nk8hRTlRMSVtYC1eXkA4W2RoYWdJVEkhanFwQF86SDVyMWY4NVdIYGdpYmJOPDc2U25HZjQ6dHJB
Zj02TXVtJHRgP3ApUERtMjNdUGxbWUxgJmplQjVRXVIuXkxacyFCYi08IU1acWJXbzEyNShbRE4x
L21aWmI3S09Gbm9EIW8kSURdZS5gWz0iI0YsbWdqQEljS0gsT1xRUEEnR2NRN2M1Qmo9OiQ9Ilkn
YjZZTiRJV0JXNiMtaSNIUjxgdXJzYUxzXGQuUzlpK3BWdVlnclNMUVU+TUhdXmNyJ211ImBjT05o
RjBlPyQvSDQiI11NPHE2LUM6KUhSTElUOXA7WDdnWzw1T2ZTI1FkXGdQbTVsWXE7U2crPEdfWVJm
VyY1YkFDSlAxVnJOciNBZHVjVEFsbitwQWg+Z240U2gzQWluTFlMVk0tRkAuP1ZEL09NcUVBPUdC
Q09fTk9IYitAdE01bVdyNiVwKGIiKGdSaGlfLnFvPy8uS2RxMip0W0okSlRWLVZqPkw6IkYiKltI
VkRxI19oSDZjLzZfO1RUaSVJSWpjb2xlWlRtSVtMYzlxbCcwP29kODZec1NJJiJLNGclOGY1V05k
PGdJVCtbYlwpb3M4OzlzNitSPWYhUXA1bF88KkptNHAvJWlrQ1QxYiQrO21DNWVxc3JBJi9oVGhP
SWxJbFRqMU83QG1uJEsjQyJTUV1wLiVfSGpfZmhzRiE8JGRAWTklXSRlNkhxQTZVNVksRyc2OTBT
Vl5QRGRfYTFcJk1kOG1yUW8vPEJEdXBpLSJTJzN0LE0mSHBDYSgkMFNKSUtScCEnKlZUXyFBJitl
OlFLLEQuP29HUjFsMlokPl0qIVNxLStXJE8pKmtyL1h1UFpXRWZLMVw4NjYhaENVSzo/aTMkYHQ7
SlI4JVIsPjY6SWE4Lj8zNDdaQFBlImw+YHBrWHRndEUjMlEzUm0zYltQbz5zIkdaT1QubklbQypW
QF9DZXE6aWl0JGJXYDpcaUFsdW83MExbVS5FNDhgTyZHWk1QckgtTEc4TjNOKyVQVyYkPDJlL2M7
KypjTU5gY2w0cV04bGgmXWYyVmVyWXRrOGcvXlZPayZYZmUvREo7SjglS0kuYmQ+WkJnM1pRS0go
PmktUWJnMmQmYEJUIyNaYHQicmlDUWReQE0nPTNPUTQzMWgpS2hkNFY1a29sRD5scT5gV1ZJNGEy
Pi5zQVJfRltmVUg+LVtOcWdiQGA2ZCJqOXMyN0N1XnFLWD1gXVc5OF8+bCZYNkM+I2ZmMkgtczFc
bGBQIWBEKnBeZVopVydnL2I6bFc0S3F0RmZyI10lUjdqVlJZNmVVO3RCbFVcJGBGJ1tdS0Y1JjhR
IW1NMzAtXipdIWo2LlpTdFZDbExUTko6QiRARDI6cXJJal9gNk9xWT9oQ0wqb1Q2amFgTlNcc01j
N0w6dCU9Tjc4a1IxLkdtNDFlWk9lazZxSkZqXmcoWTBvL1ZMNnR1MyZCczZDP1piYzhqVyxoaV1W
Ii1RWTlLL1E7NyJlJk5XUWJJTEY+JFFvQT1bQSgwVnApPTBgKydpJEpvPDxKSWg7JmQ5NDcyO2xw
IVU+RWBMQDtDYyhoZlFkMjFWP01pQjo0SSJFIWxOQHJRKWs1SXR0QEdkZ2VbJWs/J0xZZVNYND5Q
S1kqQGV1KUEtIkY6JUdlMVA6YCotW0wxTDUmWSJRa24oJyxAZzdrMFdJWDleIldDXk4kRjhfZ0A9
PCQ7LWwtS0ouRywiOWZbQ1piVztIcyQpY1ByVEdXRkE2UF0zVCFiRS0wYV11WiEoODtrSjA0LTgn
b1pyNUM+VUFQIytcRWcoSWs0VSZyQUgxNjVOYTpfOFgnWTFlP1g6XWVfZURKLy4xPzAtSnBMcidm
KFlmVzl0TnRjKTUnUU9lIV0iX0ZRImMxa1AsaC85JG9zIlBySEVjWyhncU1TOGs3LmA1LHFpMXNp
J1pzNTRfRylINUZGVGYxJU83JDNCcVlmYiNdZiZpZ184WidiKCdTP3BpV0czL20oXmQhKThuN2VU
QXJccmBmM2FQKCdiZWIib0EnWD5IMldGV0lCc3MrSG4nLlZAOUpjPC87YFtFTTUtJiVfKV1Vcjl1
Q3FYZEJTUVc4PE8zV2xlIkxuZ2NpLWpbcGs4YyRsZCFDalpnOTpwIVI1RWlvIl01XCZpJSNZViNZ
UWNQb0ZBO2tra2pVdVg2YiIkdE1ONSJOXVM7dVBpYV1FMVdpMG5wT2teI24rckhIMUFwT3UyOHFi
JStob2ROVCxoM25cQiZrakUmS1A9OG5NN0pLT0FLYDU7R19gMyNZT21GbGEoPkNxbkZNWDk2QiJv
YVJjRTJkVy1DcVg2SS8udC87QHUhZFtmNWFwTmRlQFY7RXMzal5BaiZnc1ZaWUZdTihJMCtedWkv
Zk1wTT5XLSdoOSFpPmkxOil0SzshQCxvYGs/K3MtQl0ncy1KcjlsbFJYNmVSI3NtIiYjXmI5ZEFa
VkZVMGwiYjVsUE44ZXIpR2txS1YmZFBLa0FMYFgzbjhPcjcjSCFqWFJOKUFwJj4uWiFZZS9lOmdi
M1ZQdCxSLV1VVjc+YT5cUjskaVg1M1ZIKlNiY0hUaWwoQXRobWtbZm03Zm0rI0NoPyQ/aUUsbSZC
MSRAIkVWNTA6cWt1JCg3MT5bXj5vI2tKLDRfSE1cSzddUDBYaStfUihAdGRga2NYYSxKNWQkLHVI
UT5nMS4nVitiK2NwdVpVR0osQUwobDQ6Q3A/PHA+WzBDUSpCPSJxOGJvX1xSX0Z1bnNVQW9lZEkp
KT8rNGk1MCJlIlJuTj8iWilCJ3JcU2QlNUBNY1o3X2ddOF1UOk11KW85M21iQVYqR1RjJCVZQD8/
TCNOZV9xUFYwUDhpSy9Vbl8uSF8idGJJXFZoWXFKJlpoak11aElzMVhcSXMpXkc4IzRqOytzM1Fn
R3FoZ11PJ3NOVUVsNCRFLEFdakoqPSpFKjAoaCUmLEYiKilfPkdKWF5cVmQ1NDguPE1oNkgtPyhK
XDtMRW5VLnQpPjVBOjs7QXVHJl49XkxdaiwkPilJSGswYXVgTklyImdtTiJqVkBBSU85RF5CWzc3
JHMzVVlJL09HazIhRmpgXi5xcF51cXRVL0Y7J0BSRklxRkxVMnBqaThbO1MtQjE9TD9SNylgODox
TS9bOSldc0xuWy1yKy9lIytHPm5fdWg+Jis7QVlnLXEsXTY/cSRgJixpJytaXU84VDlsJFpBZCJP
JFhjJ1U7YW1lQjRWWy09RGslNjQzQmosO2QmbD8/NzNwaktyPENsNVUsWitVayVUaV5tJFA/PWI9
KlZCM0NvPjhvVCE3XSVYUWl+PmVuZHN0cmVhbQplbmRvYmoKeHJlZgowIDEwCjAwMDAwMDAwMDAg
NjU1MzUgZiAKMDAwMDAwMDA2MSAwMDAwMCBuIAowMDAwMDAwMTAyIDAwMDAwIG4gCjAwMDAwMDAy
MDkgMDAwMDAgbiAKMDAwMDAwMDMyMSAwMDAwMCBuIAowMDAwMTAzMzMyIDAwMDAwIG4gCjAwMDAx
MDM1OTggMDAwMDAgbiAKMDAwMDEwMzY2NiAwMDAwMCBuIAowMDAwMTAzOTQ2IDAwMDAwIG4gCjAw
MDAxMDQwMDUgMDAwMDAgbiAKdHJhaWxlcgo8PAovSUQgCls8ODM1M2Q2NTRkZTgzMWQ3ZmI1MDk4
NzAyOTVjZWEzYmE+PDgzNTNkNjU0ZGU4MzFkN2ZiNTA5ODcwMjk1Y2VhM2JhPl0KJSBSZXBvcnRM
YWIgZ2VuZXJhdGVkIFBERiBkb2N1bWVudCAtLSBkaWdlc3QgKG9wZW5zb3VyY2UpCgovSW5mbyA3
IDAgUgovUm9vdCA2IDAgUgovU2l6ZSAxMAo+PgpzdGFydHhyZWYKMTA3MDI1CiUlRU9GCg==

--===============5437180656713717759==--

-------------------------------------------------------------------------------
